,region,scenario,input,Year,value
0,Africa_Western,"SSP2GCAM_SSP2,date=2023-22-11T14:08:28+06:015",c coal,2005,0.012137400041
1,Africa_Western,"SSP2GCAM_SSP2,date=2023-22-11T14:08:28+06:015",c coal,2010,0.017482424012999997
2,Africa_Western,"SSP2GCAM_SSP2,date=2023-22-11T14:08:28+06:015",c coal,2015,0.028226722512000004
3,Africa_Western,"SSP2GCAM_SSP2,date=2023-22-11T14:08:28+06:015",c coal,2020,0.045186631473000005
4,Africa_Western,"SSP2GCAM_SSP2,date=2023-22-11T14:08:28+06:015",c coal,2025,0.06984152583900001
5,Africa_Western,"SSP2GCAM_SSP2,date=2023-22-11T14:08:28+06:015",c coal,2030,0.10494189213
6,Africa_Western,"SSP2GCAM_SSP2,date=2023-22-11T14:08:28+06:015",c coal,2035,0.154279563474
7,Africa_Western,"SSP2GCAM_SSP2,date=2023-22-11T14:08:28+06:015",c coal,2040,0.22551596371700003
8,Africa_Western,"SSP2GCAM_SSP2,date=2023-22-11T14:08:28+06:015",c coal,2045,0.324122134623
9,Africa_Western,"SSP2GCAM_SSP2,date=2023-22-11T14:08:28+06:015",c coal,2050,0.45781395155000004
10,Africa_Western,"SSP2GCAM_SSP2,date=2023-22-11T14:08:28+06:015",c coal,2055,0.6233500989040001
11,Africa_Western,"SSP2GCAM_SSP2,date=2023-22-11T14:08:28+06:015",c coal,2060,0.8033982412129999
12,Africa_Western,"SSP2GCAM_SSP2,date=2023-22-11T14:08:28+06:015",c coal,2065,0.9852853051849999
13,Africa_Western,"SSP2GCAM_SSP2,date=2023-22-11T14:08:28+06:015",c coal,2070,1.154774438258
14,Africa_Western,"SSP2GCAM_SSP2,date=2023-22-11T14:08:28+06:015",c coal,2075,1.3022420379619999
15,Africa_Western,"SSP2GCAM_SSP2,date=2023-22-11T14:08:28+06:015",c coal,2080,1.428354365487
16,Africa_Western,"SSP2GCAM_SSP2,date=2023-22-11T14:08:28+06:015",c coal,2085,1.5319821836279994
17,Africa_Western,"SSP2GCAM_SSP2,date=2023-22-11T14:08:28+06:015",c coal,2090,1.614415368247
18,Africa_Western,"SSP2GCAM_SSP2,date=2023-22-11T14:08:28+06:015",c coal,2095,1.6783547584290004
19,Africa_Western,"SSP2GCAM_SSP2,date=2023-22-11T14:08:28+06:015",c coal,2100,1.7262474764209006
20,Africa_Western,"SSP2GCAM_SSP2,date=2023-22-11T14:08:28+06:015",d biomass,2005,1.2914609110000002
21,Africa_Western,"SSP2GCAM_SSP2,date=2023-22-11T14:08:28+06:015",d biomass,2010,1.6788411506
22,Africa_Western,"SSP2GCAM_SSP2,date=2023-22-11T14:08:28+06:015",d biomass,2015,2.2910892209
23,Africa_Western,"SSP2GCAM_SSP2,date=2023-22-11T14:08:28+06:015",d biomass,2020,3.1096388051000003
24,Africa_Western,"SSP2GCAM_SSP2,date=2023-22-11T14:08:28+06:015",d biomass,2025,5.1046857574
25,Africa_Western,"SSP2GCAM_SSP2,date=2023-22-11T14:08:28+06:015",d biomass,2030,7.092055032400001
26,Africa_Western,"SSP2GCAM_SSP2,date=2023-22-11T14:08:28+06:015",d biomass,2035,9.2834300065
27,Africa_Western,"SSP2GCAM_SSP2,date=2023-22-11T14:08:28+06:015",d biomass,2040,11.509263144199998
28,Africa_Western,"SSP2GCAM_SSP2,date=2023-22-11T14:08:28+06:015",d biomass,2045,13.673986979630001
29,Africa_Western,"SSP2GCAM_SSP2,date=2023-22-11T14:08:28+06:015",d biomass,2050,15.236996748997004
30,Africa_Western,"SSP2GCAM_SSP2,date=2023-22-11T14:08:28+06:015",d biomass,2055,16.689688180349
31,Africa_Western,"SSP2GCAM_SSP2,date=2023-22-11T14:08:28+06:015",d biomass,2060,17.763525099829998
32,Africa_Western,"SSP2GCAM_SSP2,date=2023-22-11T14:08:28+06:015",d biomass,2065,18.41061624468
33,Africa_Western,"SSP2GCAM_SSP2,date=2023-22-11T14:08:28+06:015",d biomass,2070,18.613749946445534
34,Africa_Western,"SSP2GCAM_SSP2,date=2023-22-11T14:08:28+06:015",d biomass,2075,18.406727145803863
35,Africa_Western,"SSP2GCAM_SSP2,date=2023-22-11T14:08:28+06:015",d biomass,2080,17.83138062842037
36,Africa_Western,"SSP2GCAM_SSP2,date=2023-22-11T14:08:28+06:015",d biomass,2085,17.113717697324848
37,Africa_Western,"SSP2GCAM_SSP2,date=2023-22-11T14:08:28+06:015",d biomass,2090,16.236710644328156
38,Africa_Western,"SSP2GCAM_SSP2,date=2023-22-11T14:08:28+06:015",d biomass,2095,15.336985025030192
39,Africa_Western,"SSP2GCAM_SSP2,date=2023-22-11T14:08:28+06:015",d biomass,2100,14.581820822931101
40,Africa_Western,"SSP2GCAM_SSP2,date=2023-22-11T14:08:28+06:015",electricity,2005,0.16068954803
41,Africa_Western,"SSP2GCAM_SSP2,date=2023-22-11T14:08:28+06:015",electricity,2010,0.1997626525
42,Africa_Western,"SSP2GCAM_SSP2,date=2023-22-11T14:08:28+06:015",electricity,2015,0.24679145186899998
43,Africa_Western,"SSP2GCAM_SSP2,date=2023-22-11T14:08:28+06:015",electricity,2020,0.408307169888
44,Africa_Western,"SSP2GCAM_SSP2,date=2023-22-11T14:08:28+06:015",electricity,2025,0.6509516978754901
45,Africa_Western,"SSP2GCAM_SSP2,date=2023-22-11T14:08:28+06:015",electricity,2030,1.1155417146754005
46,Africa_Western,"SSP2GCAM_SSP2,date=2023-22-11T14:08:28+06:015",electricity,2035,1.816729906326646
47,Africa_Western,"SSP2GCAM_SSP2,date=2023-22-11T14:08:28+06:015",electricity,2040,2.859758883573193
48,Africa_Western,"SSP2GCAM_SSP2,date=2023-22-11T14:08:28+06:015",electricity,2045,4.357606271504699
49,Africa_Western,"SSP2GCAM_SSP2,date=2023-22-11T14:08:28+06:015",electricity,2050,6.392136040337002
50,Africa_Western,"SSP2GCAM_SSP2,date=2023-22-11T14:08:28+06:015",electricity,2055,8.927251877690004
51,Africa_Western,"SSP2GCAM_SSP2,date=2023-22-11T14:08:28+06:015",electricity,2060,12.051934465346
52,Africa_Western,"SSP2GCAM_SSP2,date=2023-22-11T14:08:28+06:015",electricity,2065,15.683196466312003
53,Africa_Western,"SSP2GCAM_SSP2,date=2023-22-11T14:08:28+06:015",electricity,2070,19.77495987477131
54,Africa_Western,"SSP2GCAM_SSP2,date=2023-22-11T14:08:28+06:015",electricity,2075,24.1339652342894
55,Africa_Western,"SSP2GCAM_SSP2,date=2023-22-11T14:08:28+06:015",electricity,2080,28.567278198941132
56,Africa_Western,"SSP2GCAM_SSP2,date=2023-22-11T14:08:28+06:015",electricity,2085,32.82370654510169
57,Africa_Western,"SSP2GCAM_SSP2,date=2023-22-11T14:08:28+06:015",electricity,2090,36.83351394434828
58,Africa_Western,"SSP2GCAM_SSP2,date=2023-22-11T14:08:28+06:015",electricity,2095,40.38844053187535
59,Africa_Western,"SSP2GCAM_SSP2,date=2023-22-11T14:08:28+06:015",electricity,2100,43.751894821931046
60,Africa_Western,"SSP2GCAM_SSP2,date=2023-22-11T14:08:28+06:015",gas,2005,0.27373665399999997
61,Africa_Western,"SSP2GCAM_SSP2,date=2023-22-11T14:08:28+06:015",gas,2010,0.2361392183
62,Africa_Western,"SSP2GCAM_SSP2,date=2023-22-11T14:08:28+06:015",gas,2015,0.37754651966100006
63,Africa_Western,"SSP2GCAM_SSP2,date=2023-22-11T14:08:28+06:015",gas,2020,0.5469999445091249
64,Africa_Western,"SSP2GCAM_SSP2,date=2023-22-11T14:08:28+06:015",gas,2025,0.769066656747646
65,Africa_Western,"SSP2GCAM_SSP2,date=2023-22-11T14:08:28+06:015",gas,2030,1.0290710750125511
66,Africa_Western,"SSP2GCAM_SSP2,date=2023-22-11T14:08:28+06:015",gas,2035,1.3414845373518278
67,Africa_Western,"SSP2GCAM_SSP2,date=2023-22-11T14:08:28+06:015",gas,2040,1.7231160977598294
68,Africa_Western,"SSP2GCAM_SSP2,date=2023-22-11T14:08:28+06:015",gas,2045,2.2275222291427603
69,Africa_Western,"SSP2GCAM_SSP2,date=2023-22-11T14:08:28+06:015",gas,2050,2.861659774557182
70,Africa_Western,"SSP2GCAM_SSP2,date=2023-22-11T14:08:28+06:015",gas,2055,3.60029275015277
71,Africa_Western,"SSP2GCAM_SSP2,date=2023-22-11T14:08:28+06:015",gas,2060,4.425692055811199
72,Africa_Western,"SSP2GCAM_SSP2,date=2023-22-11T14:08:28+06:015",gas,2065,5.287940139739
73,Africa_Western,"SSP2GCAM_SSP2,date=2023-22-11T14:08:28+06:015",gas,2070,6.168882218019078
74,Africa_Western,"SSP2GCAM_SSP2,date=2023-22-11T14:08:28+06:015",gas,2075,7.020392131518149
75,Africa_Western,"SSP2GCAM_SSP2,date=2023-22-11T14:08:28+06:015",gas,2080,7.8100849500083305
76,Africa_Western,"SSP2GCAM_SSP2,date=2023-22-11T14:08:28+06:015",gas,2085,8.482338300685058
77,Africa_Western,"SSP2GCAM_SSP2,date=2023-22-11T14:08:28+06:015",gas,2090,9.016474351442268
78,Africa_Western,"SSP2GCAM_SSP2,date=2023-22-11T14:08:28+06:015",gas,2095,9.35890911333517
79,Africa_Western,"SSP2GCAM_SSP2,date=2023-22-11T14:08:28+06:015",gas,2100,9.524513929555573
80,Africa_Western,"SSP2GCAM_SSP2,date=2023-22-11T14:08:28+06:015",hydrogen,2025,0.0042987696568
81,Africa_Western,"SSP2GCAM_SSP2,date=2023-22-11T14:08:28+06:015",hydrogen,2030,0.028215050523000003
82,Africa_Western,"SSP2GCAM_SSP2,date=2023-22-11T14:08:28+06:015",hydrogen,2035,0.08046175258289998
83,Africa_Western,"SSP2GCAM_SSP2,date=2023-22-11T14:08:28+06:015",hydrogen,2040,0.15729260084200003
84,Africa_Western,"SSP2GCAM_SSP2,date=2023-22-11T14:08:28+06:015",hydrogen,2045,0.26101244981
85,Africa_Western,"SSP2GCAM_SSP2,date=2023-22-11T14:08:28+06:015",hydrogen,2050,0.39980734934
86,Africa_Western,"SSP2GCAM_SSP2,date=2023-22-11T14:08:28+06:015",hydrogen,2055,0.56643919095
87,Africa_Western,"SSP2GCAM_SSP2,date=2023-22-11T14:08:28+06:015",hydrogen,2060,0.77618466206
88,Africa_Western,"SSP2GCAM_SSP2,date=2023-22-11T14:08:28+06:015",hydrogen,2065,1.0359954209000002
89,Africa_Western,"SSP2GCAM_SSP2,date=2023-22-11T14:08:28+06:015",hydrogen,2070,1.3484276569000002
90,Africa_Western,"SSP2GCAM_SSP2,date=2023-22-11T14:08:28+06:015",hydrogen,2075,1.7019976045000005
91,Africa_Western,"SSP2GCAM_SSP2,date=2023-22-11T14:08:28+06:015",hydrogen,2080,2.0795551023
92,Africa_Western,"SSP2GCAM_SSP2,date=2023-22-11T14:08:28+06:015",hydrogen,2085,2.460158723399998
93,Africa_Western,"SSP2GCAM_SSP2,date=2023-22-11T14:08:28+06:015",hydrogen,2090,2.8446916277600005
94,Africa_Western,"SSP2GCAM_SSP2,date=2023-22-11T14:08:28+06:015",hydrogen,2095,3.2099641923000006
95,Africa_Western,"SSP2GCAM_SSP2,date=2023-22-11T14:08:28+06:015",hydrogen,2100,3.5579204483600013
96,Africa_Western,"SSP2GCAM_SSP2,date=2023-22-11T14:08:28+06:015",j traditional biomass,2005,4.709754
97,Africa_Western,"SSP2GCAM_SSP2,date=2023-22-11T14:08:28+06:015",j traditional biomass,2010,5.271527000000001
98,Africa_Western,"SSP2GCAM_SSP2,date=2023-22-11T14:08:28+06:015",j traditional biomass,2015,5.865266200000001
99,Africa_Western,"SSP2GCAM_SSP2,date=2023-22-11T14:08:28+06:015",j traditional biomass,2020,6.4241989
100,Africa_Western,"SSP2GCAM_SSP2,date=2023-22-11T14:08:28+06:015",j traditional biomass,2025,6.5177943
101,Africa_Western,"SSP2GCAM_SSP2,date=2023-22-11T14:08:28+06:015",j traditional biomass,2030,6.723728599999999
102,Africa_Western,"SSP2GCAM_SSP2,date=2023-22-11T14:08:28+06:015",j traditional biomass,2035,6.8621421
103,Africa_Western,"SSP2GCAM_SSP2,date=2023-22-11T14:08:28+06:015",j traditional biomass,2040,6.9747739
104,Africa_Western,"SSP2GCAM_SSP2,date=2023-22-11T14:08:28+06:015",j traditional biomass,2045,6.9942206
105,Africa_Western,"SSP2GCAM_SSP2,date=2023-22-11T14:08:28+06:015",j traditional biomass,2050,6.998877299999999
106,Africa_Western,"SSP2GCAM_SSP2,date=2023-22-11T14:08:28+06:015",j traditional biomass,2055,6.8989787
107,Africa_Western,"SSP2GCAM_SSP2,date=2023-22-11T14:08:28+06:015",j traditional biomass,2060,6.688362
108,Africa_Western,"SSP2GCAM_SSP2,date=2023-22-11T14:08:28+06:015",j traditional biomass,2065,6.4138668
109,Africa_Western,"SSP2GCAM_SSP2,date=2023-22-11T14:08:28+06:015",j traditional biomass,2070,6.070877899999999
110,Africa_Western,"SSP2GCAM_SSP2,date=2023-22-11T14:08:28+06:015",j traditional biomass,2075,5.4494767
111,Africa_Western,"SSP2GCAM_SSP2,date=2023-22-11T14:08:28+06:015",j traditional biomass,2080,4.5517305
112,Africa_Western,"SSP2GCAM_SSP2,date=2023-22-11T14:08:28+06:015",j traditional biomass,2085,3.7732027
113,Africa_Western,"SSP2GCAM_SSP2,date=2023-22-11T14:08:28+06:015",j traditional biomass,2090,3.0721505000000002
114,Africa_Western,"SSP2GCAM_SSP2,date=2023-22-11T14:08:28+06:015",j traditional biomass,2095,2.5025296
115,Africa_Western,"SSP2GCAM_SSP2,date=2023-22-11T14:08:28+06:015",j traditional biomass,2100,2.0620822
116,Africa_Western,"SSP2GCAM_SSP2,date=2023-22-11T14:08:28+06:015",refined liquids,2005,1.0570323013
117,Africa_Western,"SSP2GCAM_SSP2,date=2023-22-11T14:08:28+06:015",refined liquids,2010,1.2183545658
118,Africa_Western,"SSP2GCAM_SSP2,date=2023-22-11T14:08:28+06:015",refined liquids,2015,1.6588257623609997
119,Africa_Western,"SSP2GCAM_SSP2,date=2023-22-11T14:08:28+06:015",refined liquids,2020,2.12770767422601
120,Africa_Western,"SSP2GCAM_SSP2,date=2023-22-11T14:08:28+06:015",refined liquids,2025,2.6581234361837005
121,Africa_Western,"SSP2GCAM_SSP2,date=2023-22-11T14:08:28+06:015",refined liquids,2030,3.2499576961902084
122,Africa_Western,"SSP2GCAM_SSP2,date=2023-22-11T14:08:28+06:015",refined liquids,2035,3.930755138531819
123,Africa_Western,"SSP2GCAM_SSP2,date=2023-22-11T14:08:28+06:015",refined liquids,2040,4.763695712152698
124,Africa_Western,"SSP2GCAM_SSP2,date=2023-22-11T14:08:28+06:015",refined liquids,2045,5.8536730129415995
125,Africa_Western,"SSP2GCAM_SSP2,date=2023-22-11T14:08:28+06:015",refined liquids,2050,7.23165430302224
126,Africa_Western,"SSP2GCAM_SSP2,date=2023-22-11T14:08:28+06:015",refined liquids,2055,8.969915300004242
127,Africa_Western,"SSP2GCAM_SSP2,date=2023-22-11T14:08:28+06:015",refined liquids,2060,10.95794340003538
128,Africa_Western,"SSP2GCAM_SSP2,date=2023-22-11T14:08:28+06:015",refined liquids,2065,13.076105627013169
129,Africa_Western,"SSP2GCAM_SSP2,date=2023-22-11T14:08:28+06:015",refined liquids,2070,15.214185357135143
130,Africa_Western,"SSP2GCAM_SSP2,date=2023-22-11T14:08:28+06:015",refined liquids,2075,17.283131136878065
131,Africa_Western,"SSP2GCAM_SSP2,date=2023-22-11T14:08:28+06:015",refined liquids,2080,19.3085124495542
132,Africa_Western,"SSP2GCAM_SSP2,date=2023-22-11T14:08:28+06:015",refined liquids,2085,21.405127346957876
133,Africa_Western,"SSP2GCAM_SSP2,date=2023-22-11T14:08:28+06:015",refined liquids,2090,23.54127587426722
134,Africa_Western,"SSP2GCAM_SSP2,date=2023-22-11T14:08:28+06:015",refined liquids,2095,25.724377715028655
135,Africa_Western,"SSP2GCAM_SSP2,date=2023-22-11T14:08:28+06:015",refined liquids,2100,27.886464774146805
136,Brazil,"SSP2GCAM_SSP2,date=2023-22-11T14:08:28+06:015",c coal,2005,0.46585958999999993
137,Brazil,"SSP2GCAM_SSP2,date=2023-22-11T14:08:28+06:015",c coal,2010,0.5337992699999999
138,Brazil,"SSP2GCAM_SSP2,date=2023-22-11T14:08:28+06:015",c coal,2015,0.5608814649999998
139,Brazil,"SSP2GCAM_SSP2,date=2023-22-11T14:08:28+06:015",c coal,2020,0.6221012867999999
140,Brazil,"SSP2GCAM_SSP2,date=2023-22-11T14:08:28+06:015",c coal,2025,0.7032292653
141,Brazil,"SSP2GCAM_SSP2,date=2023-22-11T14:08:28+06:015",c coal,2030,0.7517399992999999
142,Brazil,"SSP2GCAM_SSP2,date=2023-22-11T14:08:28+06:015",c coal,2035,0.7658489443000001
143,Brazil,"SSP2GCAM_SSP2,date=2023-22-11T14:08:28+06:015",c coal,2040,0.7727190812800001
144,Brazil,"SSP2GCAM_SSP2,date=2023-22-11T14:08:28+06:015",c coal,2045,0.7781928836600001
145,Brazil,"SSP2GCAM_SSP2,date=2023-22-11T14:08:28+06:015",c coal,2050,0.7797066558899998
146,Brazil,"SSP2GCAM_SSP2,date=2023-22-11T14:08:28+06:015",c coal,2055,0.772580769479
147,Brazil,"SSP2GCAM_SSP2,date=2023-22-11T14:08:28+06:015",c coal,2060,0.7549643605099999
148,Brazil,"SSP2GCAM_SSP2,date=2023-22-11T14:08:28+06:015",c coal,2065,0.729004677723
149,Brazil,"SSP2GCAM_SSP2,date=2023-22-11T14:08:28+06:015",c coal,2070,0.6963216385559999
150,Brazil,"SSP2GCAM_SSP2,date=2023-22-11T14:08:28+06:015",c coal,2075,0.6598386687557999
151,Brazil,"SSP2GCAM_SSP2,date=2023-22-11T14:08:28+06:015",c coal,2080,0.62196669326642
152,Brazil,"SSP2GCAM_SSP2,date=2023-22-11T14:08:28+06:015",c coal,2085,0.5821283169981202
153,Brazil,"SSP2GCAM_SSP2,date=2023-22-11T14:08:28+06:015",c coal,2090,0.5407307417329398
154,Brazil,"SSP2GCAM_SSP2,date=2023-22-11T14:08:28+06:015",c coal,2095,0.49951275925450006
155,Brazil,"SSP2GCAM_SSP2,date=2023-22-11T14:08:28+06:015",c coal,2100,0.4579653244275698
156,Brazil,"SSP2GCAM_SSP2,date=2023-22-11T14:08:28+06:015",d biomass,2005,2.0134623699999996
157,Brazil,"SSP2GCAM_SSP2,date=2023-22-11T14:08:28+06:015",d biomass,2010,2.51757949
158,Brazil,"SSP2GCAM_SSP2,date=2023-22-11T14:08:28+06:015",d biomass,2015,2.58241969
159,Brazil,"SSP2GCAM_SSP2,date=2023-22-11T14:08:28+06:015",d biomass,2020,2.8617554279999995
160,Brazil,"SSP2GCAM_SSP2,date=2023-22-11T14:08:28+06:015",d biomass,2025,3.2401906180000006
161,Brazil,"SSP2GCAM_SSP2,date=2023-22-11T14:08:28+06:015",d biomass,2030,3.484843713
162,Brazil,"SSP2GCAM_SSP2,date=2023-22-11T14:08:28+06:015",d biomass,2035,3.6027934960000008
163,Brazil,"SSP2GCAM_SSP2,date=2023-22-11T14:08:28+06:015",d biomass,2040,3.63096154
164,Brazil,"SSP2GCAM_SSP2,date=2023-22-11T14:08:28+06:015",d biomass,2045,3.643686083500001
165,Brazil,"SSP2GCAM_SSP2,date=2023-22-11T14:08:28+06:015",d biomass,2050,3.5721931692999997
166,Brazil,"SSP2GCAM_SSP2,date=2023-22-11T14:08:28+06:015",d biomass,2055,3.4159959380599996
167,Brazil,"SSP2GCAM_SSP2,date=2023-22-11T14:08:28+06:015",d biomass,2060,3.1964947582599987
168,Brazil,"SSP2GCAM_SSP2,date=2023-22-11T14:08:28+06:015",d biomass,2065,2.966275734944999
169,Brazil,"SSP2GCAM_SSP2,date=2023-22-11T14:08:28+06:015",d biomass,2070,2.7744657317911994
170,Brazil,"SSP2GCAM_SSP2,date=2023-22-11T14:08:28+06:015",d biomass,2075,2.6146720161533
171,Brazil,"SSP2GCAM_SSP2,date=2023-22-11T14:08:28+06:015",d biomass,2080,2.4659738184292492
172,Brazil,"SSP2GCAM_SSP2,date=2023-22-11T14:08:28+06:015",d biomass,2085,2.3192218789917276
173,Brazil,"SSP2GCAM_SSP2,date=2023-22-11T14:08:28+06:015",d biomass,2090,2.176005201701496
174,Brazil,"SSP2GCAM_SSP2,date=2023-22-11T14:08:28+06:015",d biomass,2095,2.035942999992911
175,Brazil,"SSP2GCAM_SSP2,date=2023-22-11T14:08:28+06:015",d biomass,2100,1.9035062998518697
176,Brazil,"SSP2GCAM_SSP2,date=2023-22-11T14:08:28+06:015",electricity,2005,1.1827334810000003
177,Brazil,"SSP2GCAM_SSP2,date=2023-22-11T14:08:28+06:015",electricity,2010,1.5158786919999996
178,Brazil,"SSP2GCAM_SSP2,date=2023-22-11T14:08:28+06:015",electricity,2015,1.709592704
179,Brazil,"SSP2GCAM_SSP2,date=2023-22-11T14:08:28+06:015",electricity,2020,2.1608132453999995
180,Brazil,"SSP2GCAM_SSP2,date=2023-22-11T14:08:28+06:015",electricity,2025,2.709728357562699
181,Brazil,"SSP2GCAM_SSP2,date=2023-22-11T14:08:28+06:015",electricity,2030,3.3430122618774
182,Brazil,"SSP2GCAM_SSP2,date=2023-22-11T14:08:28+06:015",electricity,2035,4.005865030635401
183,Brazil,"SSP2GCAM_SSP2,date=2023-22-11T14:08:28+06:015",electricity,2040,4.6467999357012
184,Brazil,"SSP2GCAM_SSP2,date=2023-22-11T14:08:28+06:015",electricity,2045,5.195878363508996
185,Brazil,"SSP2GCAM_SSP2,date=2023-22-11T14:08:28+06:015",electricity,2050,5.6854460039999974
186,Brazil,"SSP2GCAM_SSP2,date=2023-22-11T14:08:28+06:015",electricity,2055,6.153828329700001
187,Brazil,"SSP2GCAM_SSP2,date=2023-22-11T14:08:28+06:015",electricity,2060,6.5963162292999975
188,Brazil,"SSP2GCAM_SSP2,date=2023-22-11T14:08:28+06:015",electricity,2065,6.97375910373
189,Brazil,"SSP2GCAM_SSP2,date=2023-22-11T14:08:28+06:015",electricity,2070,7.282489653630003
190,Brazil,"SSP2GCAM_SSP2,date=2023-22-11T14:08:28+06:015",electricity,2075,7.538266822922002
191,Brazil,"SSP2GCAM_SSP2,date=2023-22-11T14:08:28+06:015",electricity,2080,7.7295348823957015
192,Brazil,"SSP2GCAM_SSP2,date=2023-22-11T14:08:28+06:015",electricity,2085,7.8783484876949
193,Brazil,"SSP2GCAM_SSP2,date=2023-22-11T14:08:28+06:015",electricity,2090,7.986841809593201
194,Brazil,"SSP2GCAM_SSP2,date=2023-22-11T14:08:28+06:015",electricity,2095,8.061196798146002
195,Brazil,"SSP2GCAM_SSP2,date=2023-22-11T14:08:28+06:015",electricity,2100,8.110880182691298
196,Brazil,"SSP2GCAM_SSP2,date=2023-22-11T14:08:28+06:015",gas,2005,0.5303560659999998
197,Brazil,"SSP2GCAM_SSP2,date=2023-22-11T14:08:28+06:015",gas,2010,0.6830508569999999
198,Brazil,"SSP2GCAM_SSP2,date=2023-22-11T14:08:28+06:015",gas,2015,0.763293263
199,Brazil,"SSP2GCAM_SSP2,date=2023-22-11T14:08:28+06:015",gas,2020,0.9076081043769
200,Brazil,"SSP2GCAM_SSP2,date=2023-22-11T14:08:28+06:015",gas,2025,1.0068876062972
201,Brazil,"SSP2GCAM_SSP2,date=2023-22-11T14:08:28+06:015",gas,2030,1.0602206382727
202,Brazil,"SSP2GCAM_SSP2,date=2023-22-11T14:08:28+06:015",gas,2035,1.0626220352783997
203,Brazil,"SSP2GCAM_SSP2,date=2023-22-11T14:08:28+06:015",gas,2040,1.0368406667842003
204,Brazil,"SSP2GCAM_SSP2,date=2023-22-11T14:08:28+06:015",gas,2045,1.0360795142267905
205,Brazil,"SSP2GCAM_SSP2,date=2023-22-11T14:08:28+06:015",gas,2050,1.0449834606529302
206,Brazil,"SSP2GCAM_SSP2,date=2023-22-11T14:08:28+06:015",gas,2055,1.051789313854189
207,Brazil,"SSP2GCAM_SSP2,date=2023-22-11T14:08:28+06:015",gas,2060,1.0504065337737698
208,Brazil,"SSP2GCAM_SSP2,date=2023-22-11T14:08:28+06:015",gas,2065,1.04309841110631
209,Brazil,"SSP2GCAM_SSP2,date=2023-22-11T14:08:28+06:015",gas,2070,1.02575336873127
210,Brazil,"SSP2GCAM_SSP2,date=2023-22-11T14:08:28+06:015",gas,2075,1.0014810771287
211,Brazil,"SSP2GCAM_SSP2,date=2023-22-11T14:08:28+06:015",gas,2080,0.9715041492490998
212,Brazil,"SSP2GCAM_SSP2,date=2023-22-11T14:08:28+06:015",gas,2085,0.9418392642724008
213,Brazil,"SSP2GCAM_SSP2,date=2023-22-11T14:08:28+06:015",gas,2090,0.9177780758859997
214,Brazil,"SSP2GCAM_SSP2,date=2023-22-11T14:08:28+06:015",gas,2095,0.8981336667123998
215,Brazil,"SSP2GCAM_SSP2,date=2023-22-11T14:08:28+06:015",gas,2100,0.8839717828321003
216,Brazil,"SSP2GCAM_SSP2,date=2023-22-11T14:08:28+06:015",hydrogen,2025,0.014417723531000001
217,Brazil,"SSP2GCAM_SSP2,date=2023-22-11T14:08:28+06:015",hydrogen,2030,0.0638594435
218,Brazil,"SSP2GCAM_SSP2,date=2023-22-11T14:08:28+06:015",hydrogen,2035,0.12150096896079998
219,Brazil,"SSP2GCAM_SSP2,date=2023-22-11T14:08:28+06:015",hydrogen,2040,0.17579152086
220,Brazil,"SSP2GCAM_SSP2,date=2023-22-11T14:08:28+06:015",hydrogen,2045,0.2216972849599999
221,Brazil,"SSP2GCAM_SSP2,date=2023-22-11T14:08:28+06:015",hydrogen,2050,0.26619273319699993
222,Brazil,"SSP2GCAM_SSP2,date=2023-22-11T14:08:28+06:015",hydrogen,2055,0.30460570026700007
223,Brazil,"SSP2GCAM_SSP2,date=2023-22-11T14:08:28+06:015",hydrogen,2060,0.33819326271879996
224,Brazil,"SSP2GCAM_SSP2,date=2023-22-11T14:08:28+06:015",hydrogen,2065,0.3665491255060001
225,Brazil,"SSP2GCAM_SSP2,date=2023-22-11T14:08:28+06:015",hydrogen,2070,0.38805929339000006
226,Brazil,"SSP2GCAM_SSP2,date=2023-22-11T14:08:28+06:015",hydrogen,2075,0.40491300465999996
227,Brazil,"SSP2GCAM_SSP2,date=2023-22-11T14:08:28+06:015",hydrogen,2080,0.4174984993500001
228,Brazil,"SSP2GCAM_SSP2,date=2023-22-11T14:08:28+06:015",hydrogen,2085,0.4278592220600001
229,Brazil,"SSP2GCAM_SSP2,date=2023-22-11T14:08:28+06:015",hydrogen,2090,0.43697204201999995
230,Brazil,"SSP2GCAM_SSP2,date=2023-22-11T14:08:28+06:015",hydrogen,2095,0.44417183133000004
231,Brazil,"SSP2GCAM_SSP2,date=2023-22-11T14:08:28+06:015",hydrogen,2100,0.45021829382
232,Brazil,"SSP2GCAM_SSP2,date=2023-22-11T14:08:28+06:015",j traditional biomass,2005,0.344717
233,Brazil,"SSP2GCAM_SSP2,date=2023-22-11T14:08:28+06:015",j traditional biomass,2010,0.3045737
234,Brazil,"SSP2GCAM_SSP2,date=2023-22-11T14:08:28+06:015",j traditional biomass,2015,0.2651408
235,Brazil,"SSP2GCAM_SSP2,date=2023-22-11T14:08:28+06:015",j traditional biomass,2020,0.2447247
236,Brazil,"SSP2GCAM_SSP2,date=2023-22-11T14:08:28+06:015",j traditional biomass,2025,0.2229329
237,Brazil,"SSP2GCAM_SSP2,date=2023-22-11T14:08:28+06:015",j traditional biomass,2030,0.19659010000000002
238,Brazil,"SSP2GCAM_SSP2,date=2023-22-11T14:08:28+06:015",j traditional biomass,2035,0.1762202
239,Brazil,"SSP2GCAM_SSP2,date=2023-22-11T14:08:28+06:015",j traditional biomass,2040,0.1595797
240,Brazil,"SSP2GCAM_SSP2,date=2023-22-11T14:08:28+06:015",j traditional biomass,2045,0.1422271
241,Brazil,"SSP2GCAM_SSP2,date=2023-22-11T14:08:28+06:015",j traditional biomass,2050,0.1260905
242,Brazil,"SSP2GCAM_SSP2,date=2023-22-11T14:08:28+06:015",j traditional biomass,2055,0.11007549999999999
243,Brazil,"SSP2GCAM_SSP2,date=2023-22-11T14:08:28+06:015",j traditional biomass,2060,0.0954392
244,Brazil,"SSP2GCAM_SSP2,date=2023-22-11T14:08:28+06:015",j traditional biomass,2065,0.08261837999999999
245,Brazil,"SSP2GCAM_SSP2,date=2023-22-11T14:08:28+06:015",j traditional biomass,2070,0.07091616
246,Brazil,"SSP2GCAM_SSP2,date=2023-22-11T14:08:28+06:015",j traditional biomass,2075,0.06013482
247,Brazil,"SSP2GCAM_SSP2,date=2023-22-11T14:08:28+06:015",j traditional biomass,2080,0.05068648
248,Brazil,"SSP2GCAM_SSP2,date=2023-22-11T14:08:28+06:015",j traditional biomass,2085,0.04218292
249,Brazil,"SSP2GCAM_SSP2,date=2023-22-11T14:08:28+06:015",j traditional biomass,2090,0.034718849999999996
250,Brazil,"SSP2GCAM_SSP2,date=2023-22-11T14:08:28+06:015",j traditional biomass,2095,0.02834703
251,Brazil,"SSP2GCAM_SSP2,date=2023-22-11T14:08:28+06:015",j traditional biomass,2100,0.02335409
252,Brazil,"SSP2GCAM_SSP2,date=2023-22-11T14:08:28+06:015",refined liquids,2005,3.880479336
253,Brazil,"SSP2GCAM_SSP2,date=2023-22-11T14:08:28+06:015",refined liquids,2010,4.965922255000001
254,Brazil,"SSP2GCAM_SSP2,date=2023-22-11T14:08:28+06:015",refined liquids,2015,5.538361017999999
255,Brazil,"SSP2GCAM_SSP2,date=2023-22-11T14:08:28+06:015",refined liquids,2020,6.099656023079911
256,Brazil,"SSP2GCAM_SSP2,date=2023-22-11T14:08:28+06:015",refined liquids,2025,6.278476866338466
257,Brazil,"SSP2GCAM_SSP2,date=2023-22-11T14:08:28+06:015",refined liquids,2030,6.2640988731344
258,Brazil,"SSP2GCAM_SSP2,date=2023-22-11T14:08:28+06:015",refined liquids,2035,6.225270423199811
259,Brazil,"SSP2GCAM_SSP2,date=2023-22-11T14:08:28+06:015",refined liquids,2040,6.287269786369129
260,Brazil,"SSP2GCAM_SSP2,date=2023-22-11T14:08:28+06:015",refined liquids,2045,6.465657066685291
261,Brazil,"SSP2GCAM_SSP2,date=2023-22-11T14:08:28+06:015",refined liquids,2050,6.648839568447239
262,Brazil,"SSP2GCAM_SSP2,date=2023-22-11T14:08:28+06:015",refined liquids,2055,6.8804373811551995
263,Brazil,"SSP2GCAM_SSP2,date=2023-22-11T14:08:28+06:015",refined liquids,2060,7.115646765051398
264,Brazil,"SSP2GCAM_SSP2,date=2023-22-11T14:08:28+06:015",refined liquids,2065,7.329799466553317
265,Brazil,"SSP2GCAM_SSP2,date=2023-22-11T14:08:28+06:015",refined liquids,2070,7.5264417960518015
266,Brazil,"SSP2GCAM_SSP2,date=2023-22-11T14:08:28+06:015",refined liquids,2075,7.707605857902472
267,Brazil,"SSP2GCAM_SSP2,date=2023-22-11T14:08:28+06:015",refined liquids,2080,7.8774356609291685
268,Brazil,"SSP2GCAM_SSP2,date=2023-22-11T14:08:28+06:015",refined liquids,2085,8.03374435141199
269,Brazil,"SSP2GCAM_SSP2,date=2023-22-11T14:08:28+06:015",refined liquids,2090,8.181187129623476
270,Brazil,"SSP2GCAM_SSP2,date=2023-22-11T14:08:28+06:015",refined liquids,2095,8.321433155967368
271,Brazil,"SSP2GCAM_SSP2,date=2023-22-11T14:08:28+06:015",refined liquids,2100,8.435794105207076
272,China,"SSP2GCAM_SSP2,date=2023-22-11T14:08:28+06:015",c coal,2005,27.473705
273,China,"SSP2GCAM_SSP2,date=2023-22-11T14:08:28+06:015",c coal,2010,38.44214403
274,China,"SSP2GCAM_SSP2,date=2023-22-11T14:08:28+06:015",c coal,2015,40.602973945
275,China,"SSP2GCAM_SSP2,date=2023-22-11T14:08:28+06:015",c coal,2020,49.49523851799999
276,China,"SSP2GCAM_SSP2,date=2023-22-11T14:08:28+06:015",c coal,2025,53.59693222999999
277,China,"SSP2GCAM_SSP2,date=2023-22-11T14:08:28+06:015",c coal,2030,54.89026185929999
278,China,"SSP2GCAM_SSP2,date=2023-22-11T14:08:28+06:015",c coal,2035,54.329244149291945
279,China,"SSP2GCAM_SSP2,date=2023-22-11T14:08:28+06:015",c coal,2040,53.093595328356784
280,China,"SSP2GCAM_SSP2,date=2023-22-11T14:08:28+06:015",c coal,2045,51.181561260171684
281,China,"SSP2GCAM_SSP2,date=2023-22-11T14:08:28+06:015",c coal,2050,48.68440114999999
282,China,"SSP2GCAM_SSP2,date=2023-22-11T14:08:28+06:015",c coal,2055,45.562206640191576
283,China,"SSP2GCAM_SSP2,date=2023-22-11T14:08:28+06:015",c coal,2060,42.13576684228077
284,China,"SSP2GCAM_SSP2,date=2023-22-11T14:08:28+06:015",c coal,2065,38.79296772922743
285,China,"SSP2GCAM_SSP2,date=2023-22-11T14:08:28+06:015",c coal,2070,35.65686502832318
286,China,"SSP2GCAM_SSP2,date=2023-22-11T14:08:28+06:015",c coal,2075,32.7220697067
287,China,"SSP2GCAM_SSP2,date=2023-22-11T14:08:28+06:015",c coal,2080,30.074863242991775
288,China,"SSP2GCAM_SSP2,date=2023-22-11T14:08:28+06:015",c coal,2085,27.5446558540019
289,China,"SSP2GCAM_SSP2,date=2023-22-11T14:08:28+06:015",c coal,2090,25.24284302229279
290,China,"SSP2GCAM_SSP2,date=2023-22-11T14:08:28+06:015",c coal,2095,23.185367088349995
291,China,"SSP2GCAM_SSP2,date=2023-22-11T14:08:28+06:015",c coal,2100,21.284224625399997
292,China,"SSP2GCAM_SSP2,date=2023-22-11T14:08:28+06:015",d biomass,2005,0.00047010000000000004
293,China,"SSP2GCAM_SSP2,date=2023-22-11T14:08:28+06:015",d biomass,2010,0.00036819999999999995
294,China,"SSP2GCAM_SSP2,date=2023-22-11T14:08:28+06:015",d biomass,2015,0.0005605
295,China,"SSP2GCAM_SSP2,date=2023-22-11T14:08:28+06:015",d biomass,2020,0.0006821464
296,China,"SSP2GCAM_SSP2,date=2023-22-11T14:08:28+06:015",d biomass,2025,0.368865329
297,China,"SSP2GCAM_SSP2,date=2023-22-11T14:08:28+06:015",d biomass,2030,0.8389900861999999
298,China,"SSP2GCAM_SSP2,date=2023-22-11T14:08:28+06:015",d biomass,2035,1.2633010152
299,China,"SSP2GCAM_SSP2,date=2023-22-11T14:08:28+06:015",d biomass,2040,1.4775678736000002
300,China,"SSP2GCAM_SSP2,date=2023-22-11T14:08:28+06:015",d biomass,2045,1.5793034017
301,China,"SSP2GCAM_SSP2,date=2023-22-11T14:08:28+06:015",d biomass,2050,1.5923046405299999
302,China,"SSP2GCAM_SSP2,date=2023-22-11T14:08:28+06:015",d biomass,2055,1.50634664479
303,China,"SSP2GCAM_SSP2,date=2023-22-11T14:08:28+06:015",d biomass,2060,1.37652733165
304,China,"SSP2GCAM_SSP2,date=2023-22-11T14:08:28+06:015",d biomass,2065,1.2433781969399997
305,China,"SSP2GCAM_SSP2,date=2023-22-11T14:08:28+06:015",d biomass,2070,1.1258807087800002
306,China,"SSP2GCAM_SSP2,date=2023-22-11T14:08:28+06:015",d biomass,2075,1.02315080365
307,China,"SSP2GCAM_SSP2,date=2023-22-11T14:08:28+06:015",d biomass,2080,0.92513118123
308,China,"SSP2GCAM_SSP2,date=2023-22-11T14:08:28+06:015",d biomass,2085,0.83371207494
309,China,"SSP2GCAM_SSP2,date=2023-22-11T14:08:28+06:015",d biomass,2090,0.7526059604099999
310,China,"SSP2GCAM_SSP2,date=2023-22-11T14:08:28+06:015",d biomass,2095,0.68293915279
311,China,"SSP2GCAM_SSP2,date=2023-22-11T14:08:28+06:015",d biomass,2100,0.62286062588
312,China,"SSP2GCAM_SSP2,date=2023-22-11T14:08:28+06:015",district heat,2005,2.2770204
313,China,"SSP2GCAM_SSP2,date=2023-22-11T14:08:28+06:015",district heat,2010,2.9850130999999998
314,China,"SSP2GCAM_SSP2,date=2023-22-11T14:08:28+06:015",district heat,2015,3.9719705000000003
315,China,"SSP2GCAM_SSP2,date=2023-22-11T14:08:28+06:015",district heat,2020,5.017030217
316,China,"SSP2GCAM_SSP2,date=2023-22-11T14:08:28+06:015",district heat,2025,6.039909420000001
317,China,"SSP2GCAM_SSP2,date=2023-22-11T14:08:28+06:015",district heat,2030,6.680503756999999
318,China,"SSP2GCAM_SSP2,date=2023-22-11T14:08:28+06:015",district heat,2035,7.025518188000001
319,China,"SSP2GCAM_SSP2,date=2023-22-11T14:08:28+06:015",district heat,2040,7.252990311600001
320,China,"SSP2GCAM_SSP2,date=2023-22-11T14:08:28+06:015",district heat,2045,7.285195652
321,China,"SSP2GCAM_SSP2,date=2023-22-11T14:08:28+06:015",district heat,2050,7.1447112495
322,China,"SSP2GCAM_SSP2,date=2023-22-11T14:08:28+06:015",district heat,2055,6.824914165699998
323,China,"SSP2GCAM_SSP2,date=2023-22-11T14:08:28+06:015",district heat,2060,6.4470942739999995
324,China,"SSP2GCAM_SSP2,date=2023-22-11T14:08:28+06:015",district heat,2065,6.0988054476
325,China,"SSP2GCAM_SSP2,date=2023-22-11T14:08:28+06:015",district heat,2070,5.745230014800001
326,China,"SSP2GCAM_SSP2,date=2023-22-11T14:08:28+06:015",district heat,2075,5.412045205969998
327,China,"SSP2GCAM_SSP2,date=2023-22-11T14:08:28+06:015",district heat,2080,5.154733148049999
328,China,"SSP2GCAM_SSP2,date=2023-22-11T14:08:28+06:015",district heat,2085,4.877557687428001
329,China,"SSP2GCAM_SSP2,date=2023-22-11T14:08:28+06:015",district heat,2090,4.601630263695
330,China,"SSP2GCAM_SSP2,date=2023-22-11T14:08:28+06:015",district heat,2095,4.345257046325998
331,China,"SSP2GCAM_SSP2,date=2023-22-11T14:08:28+06:015",district heat,2100,4.038473307341
332,China,"SSP2GCAM_SSP2,date=2023-22-11T14:08:28+06:015",electricity,2005,7.678339738947
333,China,"SSP2GCAM_SSP2,date=2023-22-11T14:08:28+06:015",electricity,2010,13.018303101891997
334,China,"SSP2GCAM_SSP2,date=2023-22-11T14:08:28+06:015",electricity,2015,18.24916109125
335,China,"SSP2GCAM_SSP2,date=2023-22-11T14:08:28+06:015",electricity,2020,22.791026119999994
336,China,"SSP2GCAM_SSP2,date=2023-22-11T14:08:28+06:015",electricity,2025,28.1577089340831
337,China,"SSP2GCAM_SSP2,date=2023-22-11T14:08:28+06:015",electricity,2030,32.9473724429191
338,China,"SSP2GCAM_SSP2,date=2023-22-11T14:08:28+06:015",electricity,2035,36.40876507902656
339,China,"SSP2GCAM_SSP2,date=2023-22-11T14:08:28+06:015",electricity,2040,38.94201914851697
340,China,"SSP2GCAM_SSP2,date=2023-22-11T14:08:28+06:015",electricity,2045,40.63655589869901
341,China,"SSP2GCAM_SSP2,date=2023-22-11T14:08:28+06:015",electricity,2050,41.448700358869985
342,China,"SSP2GCAM_SSP2,date=2023-22-11T14:08:28+06:015",electricity,2055,41.70685726880001
343,China,"SSP2GCAM_SSP2,date=2023-22-11T14:08:28+06:015",electricity,2060,41.62021232400002
344,China,"SSP2GCAM_SSP2,date=2023-22-11T14:08:28+06:015",electricity,2065,41.328534430000005
345,China,"SSP2GCAM_SSP2,date=2023-22-11T14:08:28+06:015",electricity,2070,40.88700008379999
346,China,"SSP2GCAM_SSP2,date=2023-22-11T14:08:28+06:015",electricity,2075,40.164061748900004
347,China,"SSP2GCAM_SSP2,date=2023-22-11T14:08:28+06:015",electricity,2080,38.77124572162
348,China,"SSP2GCAM_SSP2,date=2023-22-11T14:08:28+06:015",electricity,2085,37.168712855943006
349,China,"SSP2GCAM_SSP2,date=2023-22-11T14:08:28+06:015",electricity,2090,35.478379109192005
350,China,"SSP2GCAM_SSP2,date=2023-22-11T14:08:28+06:015",electricity,2095,33.821848457959995
351,China,"SSP2GCAM_SSP2,date=2023-22-11T14:08:28+06:015",electricity,2100,32.26223088708999
352,China,"SSP2GCAM_SSP2,date=2023-22-11T14:08:28+06:015",gas,2005,1.5694441537500003
353,China,"SSP2GCAM_SSP2,date=2023-22-11T14:08:28+06:015",gas,2010,3.7079317506
354,China,"SSP2GCAM_SSP2,date=2023-22-11T14:08:28+06:015",gas,2015,5.1637402587
355,China,"SSP2GCAM_SSP2,date=2023-22-11T14:08:28+06:015",gas,2020,7.4455562654000005
356,China,"SSP2GCAM_SSP2,date=2023-22-11T14:08:28+06:015",gas,2025,9.337931179500004
357,China,"SSP2GCAM_SSP2,date=2023-22-11T14:08:28+06:015",gas,2030,11.132347180254001
358,China,"SSP2GCAM_SSP2,date=2023-22-11T14:08:28+06:015",gas,2035,12.453759511091
359,China,"SSP2GCAM_SSP2,date=2023-22-11T14:08:28+06:015",gas,2040,13.130812286644002
360,China,"SSP2GCAM_SSP2,date=2023-22-11T14:08:28+06:015",gas,2045,13.574867884200101
361,China,"SSP2GCAM_SSP2,date=2023-22-11T14:08:28+06:015",gas,2050,13.645070872937394
362,China,"SSP2GCAM_SSP2,date=2023-22-11T14:08:28+06:015",gas,2055,13.784536543807798
363,China,"SSP2GCAM_SSP2,date=2023-22-11T14:08:28+06:015",gas,2060,13.692798053550343
364,China,"SSP2GCAM_SSP2,date=2023-22-11T14:08:28+06:015",gas,2065,13.000025117906405
365,China,"SSP2GCAM_SSP2,date=2023-22-11T14:08:28+06:015",gas,2070,12.410885854085503
366,China,"SSP2GCAM_SSP2,date=2023-22-11T14:08:28+06:015",gas,2075,11.794257283116307
367,China,"SSP2GCAM_SSP2,date=2023-22-11T14:08:28+06:015",gas,2080,11.098495280788105
368,China,"SSP2GCAM_SSP2,date=2023-22-11T14:08:28+06:015",gas,2085,10.588858899919549
369,China,"SSP2GCAM_SSP2,date=2023-22-11T14:08:28+06:015",gas,2090,10.3266875014933
370,China,"SSP2GCAM_SSP2,date=2023-22-11T14:08:28+06:015",gas,2095,10.106768907029306
371,China,"SSP2GCAM_SSP2,date=2023-22-11T14:08:28+06:015",gas,2100,10.449068926663298
372,China,"SSP2GCAM_SSP2,date=2023-22-11T14:08:28+06:015",hydrogen,2025,0.0818676252
373,China,"SSP2GCAM_SSP2,date=2023-22-11T14:08:28+06:015",hydrogen,2030,0.3743069232999999
374,China,"SSP2GCAM_SSP2,date=2023-22-11T14:08:28+06:015",hydrogen,2035,0.8034912232899998
375,China,"SSP2GCAM_SSP2,date=2023-22-11T14:08:28+06:015",hydrogen,2040,1.15791528464
376,China,"SSP2GCAM_SSP2,date=2023-22-11T14:08:28+06:015",hydrogen,2045,1.4214450845
377,China,"SSP2GCAM_SSP2,date=2023-22-11T14:08:28+06:015",hydrogen,2050,1.6682352591999998
378,China,"SSP2GCAM_SSP2,date=2023-22-11T14:08:28+06:015",hydrogen,2055,1.8649944034000003
379,China,"SSP2GCAM_SSP2,date=2023-22-11T14:08:28+06:015",hydrogen,2060,2.04199697902
380,China,"SSP2GCAM_SSP2,date=2023-22-11T14:08:28+06:015",hydrogen,2065,2.1687751299999993
381,China,"SSP2GCAM_SSP2,date=2023-22-11T14:08:28+06:015",hydrogen,2070,2.252837868030001
382,China,"SSP2GCAM_SSP2,date=2023-22-11T14:08:28+06:015",hydrogen,2075,2.2886117731200004
383,China,"SSP2GCAM_SSP2,date=2023-22-11T14:08:28+06:015",hydrogen,2080,2.2646221183799993
384,China,"SSP2GCAM_SSP2,date=2023-22-11T14:08:28+06:015",hydrogen,2085,2.21615907823
385,China,"SSP2GCAM_SSP2,date=2023-22-11T14:08:28+06:015",hydrogen,2090,2.1572671599199995
386,China,"SSP2GCAM_SSP2,date=2023-22-11T14:08:28+06:015",hydrogen,2095,2.0798284535799985
387,China,"SSP2GCAM_SSP2,date=2023-22-11T14:08:28+06:015",hydrogen,2100,2.01267073208
388,China,"SSP2GCAM_SSP2,date=2023-22-11T14:08:28+06:015",j traditional biomass,2005,6.78429
389,China,"SSP2GCAM_SSP2,date=2023-22-11T14:08:28+06:015",j traditional biomass,2010,4.6840399999999995
390,China,"SSP2GCAM_SSP2,date=2023-22-11T14:08:28+06:015",j traditional biomass,2015,3.38022
391,China,"SSP2GCAM_SSP2,date=2023-22-11T14:08:28+06:015",j traditional biomass,2020,2.8521400000000003
392,China,"SSP2GCAM_SSP2,date=2023-22-11T14:08:28+06:015",j traditional biomass,2025,2.3770100000000003
393,China,"SSP2GCAM_SSP2,date=2023-22-11T14:08:28+06:015",j traditional biomass,2030,1.959076
394,China,"SSP2GCAM_SSP2,date=2023-22-11T14:08:28+06:015",j traditional biomass,2035,1.655739
395,China,"SSP2GCAM_SSP2,date=2023-22-11T14:08:28+06:015",j traditional biomass,2040,1.435806
396,China,"SSP2GCAM_SSP2,date=2023-22-11T14:08:28+06:015",j traditional biomass,2045,1.228859
397,China,"SSP2GCAM_SSP2,date=2023-22-11T14:08:28+06:015",j traditional biomass,2050,1.0532949999999999
398,China,"SSP2GCAM_SSP2,date=2023-22-11T14:08:28+06:015",j traditional biomass,2055,0.8931899999999999
399,China,"SSP2GCAM_SSP2,date=2023-22-11T14:08:28+06:015",j traditional biomass,2060,0.757267
400,China,"SSP2GCAM_SSP2,date=2023-22-11T14:08:28+06:015",j traditional biomass,2065,0.6543749999999999
401,China,"SSP2GCAM_SSP2,date=2023-22-11T14:08:28+06:015",j traditional biomass,2070,0.559059
402,China,"SSP2GCAM_SSP2,date=2023-22-11T14:08:28+06:015",j traditional biomass,2075,0.476654
403,China,"SSP2GCAM_SSP2,date=2023-22-11T14:08:28+06:015",j traditional biomass,2080,0.413598
404,China,"SSP2GCAM_SSP2,date=2023-22-11T14:08:28+06:015",j traditional biomass,2085,0.356007
405,China,"SSP2GCAM_SSP2,date=2023-22-11T14:08:28+06:015",j traditional biomass,2090,0.30188800000000005
406,China,"SSP2GCAM_SSP2,date=2023-22-11T14:08:28+06:015",j traditional biomass,2095,0.256673
407,China,"SSP2GCAM_SSP2,date=2023-22-11T14:08:28+06:015",j traditional biomass,2100,0.2142156
408,China,"SSP2GCAM_SSP2,date=2023-22-11T14:08:28+06:015",refined liquids,2005,13.155062072000003
409,China,"SSP2GCAM_SSP2,date=2023-22-11T14:08:28+06:015",refined liquids,2010,17.922585503000004
410,China,"SSP2GCAM_SSP2,date=2023-22-11T14:08:28+06:015",refined liquids,2015,22.464255748999996
411,China,"SSP2GCAM_SSP2,date=2023-22-11T14:08:28+06:015",refined liquids,2020,27.219870799
412,China,"SSP2GCAM_SSP2,date=2023-22-11T14:08:28+06:015",refined liquids,2025,30.466051419400006
413,China,"SSP2GCAM_SSP2,date=2023-22-11T14:08:28+06:015",refined liquids,2030,32.649357981269695
414,China,"SSP2GCAM_SSP2,date=2023-22-11T14:08:28+06:015",refined liquids,2035,34.19781480106231
415,China,"SSP2GCAM_SSP2,date=2023-22-11T14:08:28+06:015",refined liquids,2040,35.51862366501622
416,China,"SSP2GCAM_SSP2,date=2023-22-11T14:08:28+06:015",refined liquids,2045,36.601172338660845
417,China,"SSP2GCAM_SSP2,date=2023-22-11T14:08:28+06:015",refined liquids,2050,37.15454633814897
418,China,"SSP2GCAM_SSP2,date=2023-22-11T14:08:28+06:015",refined liquids,2055,37.37026564609422
419,China,"SSP2GCAM_SSP2,date=2023-22-11T14:08:28+06:015",refined liquids,2060,37.268990578244875
420,China,"SSP2GCAM_SSP2,date=2023-22-11T14:08:28+06:015",refined liquids,2065,36.96839589062773
421,China,"SSP2GCAM_SSP2,date=2023-22-11T14:08:28+06:015",refined liquids,2070,36.46495497941676
422,China,"SSP2GCAM_SSP2,date=2023-22-11T14:08:28+06:015",refined liquids,2075,35.83608522539977
423,China,"SSP2GCAM_SSP2,date=2023-22-11T14:08:28+06:015",refined liquids,2080,35.42470819153507
424,China,"SSP2GCAM_SSP2,date=2023-22-11T14:08:28+06:015",refined liquids,2085,34.982956001278076
425,China,"SSP2GCAM_SSP2,date=2023-22-11T14:08:28+06:015",refined liquids,2090,34.4802352554875
426,China,"SSP2GCAM_SSP2,date=2023-22-11T14:08:28+06:015",refined liquids,2095,33.96349059705933
427,China,"SSP2GCAM_SSP2,date=2023-22-11T14:08:28+06:015",refined liquids,2100,33.374651562689216
428,India,"SSP2GCAM_SSP2,date=2023-22-11T14:08:28+06:015",c coal,2005,2.28877338
429,India,"SSP2GCAM_SSP2,date=2023-22-11T14:08:28+06:015",c coal,2010,4.111358060000001
430,India,"SSP2GCAM_SSP2,date=2023-22-11T14:08:28+06:015",c coal,2015,4.802515399999999
431,India,"SSP2GCAM_SSP2,date=2023-22-11T14:08:28+06:015",c coal,2020,5.408336690000001
432,India,"SSP2GCAM_SSP2,date=2023-22-11T14:08:28+06:015",c coal,2025,7.295262779999998
433,India,"SSP2GCAM_SSP2,date=2023-22-11T14:08:28+06:015",c coal,2030,8.973967499999999
434,India,"SSP2GCAM_SSP2,date=2023-22-11T14:08:28+06:015",c coal,2035,10.53451051
435,India,"SSP2GCAM_SSP2,date=2023-22-11T14:08:28+06:015",c coal,2040,11.996163000000005
436,India,"SSP2GCAM_SSP2,date=2023-22-11T14:08:28+06:015",c coal,2045,13.138341470000006
437,India,"SSP2GCAM_SSP2,date=2023-22-11T14:08:28+06:015",c coal,2050,14.06647017810937
438,India,"SSP2GCAM_SSP2,date=2023-22-11T14:08:28+06:015",c coal,2055,14.806998896218715
439,India,"SSP2GCAM_SSP2,date=2023-22-11T14:08:28+06:015",c coal,2060,15.31785775202352
440,India,"SSP2GCAM_SSP2,date=2023-22-11T14:08:28+06:015",c coal,2065,15.611213694965237
441,India,"SSP2GCAM_SSP2,date=2023-22-11T14:08:28+06:015",c coal,2070,15.683569042265361
442,India,"SSP2GCAM_SSP2,date=2023-22-11T14:08:28+06:015",c coal,2075,15.555395867843947
443,India,"SSP2GCAM_SSP2,date=2023-22-11T14:08:28+06:015",c coal,2080,15.285605116599012
444,India,"SSP2GCAM_SSP2,date=2023-22-11T14:08:28+06:015",c coal,2085,14.873003836196078
445,India,"SSP2GCAM_SSP2,date=2023-22-11T14:08:28+06:015",c coal,2090,14.349860752983133
446,India,"SSP2GCAM_SSP2,date=2023-22-11T14:08:28+06:015",c coal,2095,13.745057258476233
447,India,"SSP2GCAM_SSP2,date=2023-22-11T14:08:28+06:015",c coal,2100,13.097712101161607
448,India,"SSP2GCAM_SSP2,date=2023-22-11T14:08:28+06:015",d biomass,2005,1.646939214
449,India,"SSP2GCAM_SSP2,date=2023-22-11T14:08:28+06:015",d biomass,2010,1.78930849
450,India,"SSP2GCAM_SSP2,date=2023-22-11T14:08:28+06:015",d biomass,2015,1.85447998
451,India,"SSP2GCAM_SSP2,date=2023-22-11T14:08:28+06:015",d biomass,2020,2.4030832050000006
452,India,"SSP2GCAM_SSP2,date=2023-22-11T14:08:28+06:015",d biomass,2025,3.2846441759999996
453,India,"SSP2GCAM_SSP2,date=2023-22-11T14:08:28+06:015",d biomass,2030,4.019371403
454,India,"SSP2GCAM_SSP2,date=2023-22-11T14:08:28+06:015",d biomass,2035,4.57845949
455,India,"SSP2GCAM_SSP2,date=2023-22-11T14:08:28+06:015",d biomass,2040,4.964269941137177
456,India,"SSP2GCAM_SSP2,date=2023-22-11T14:08:28+06:015",d biomass,2045,5.333377129190257
457,India,"SSP2GCAM_SSP2,date=2023-22-11T14:08:28+06:015",d biomass,2050,5.481619141753906
458,India,"SSP2GCAM_SSP2,date=2023-22-11T14:08:28+06:015",d biomass,2055,5.505653856724952
459,India,"SSP2GCAM_SSP2,date=2023-22-11T14:08:28+06:015",d biomass,2060,5.425889661485397
460,India,"SSP2GCAM_SSP2,date=2023-22-11T14:08:28+06:015",d biomass,2065,5.27830323258877
461,India,"SSP2GCAM_SSP2,date=2023-22-11T14:08:28+06:015",d biomass,2070,5.124166163788503
462,India,"SSP2GCAM_SSP2,date=2023-22-11T14:08:28+06:015",d biomass,2075,4.969316081984796
463,India,"SSP2GCAM_SSP2,date=2023-22-11T14:08:28+06:015",d biomass,2080,4.805719602876201
464,India,"SSP2GCAM_SSP2,date=2023-22-11T14:08:28+06:015",d biomass,2085,4.6214113903634635
465,India,"SSP2GCAM_SSP2,date=2023-22-11T14:08:28+06:015",d biomass,2090,4.42098900775003
466,India,"SSP2GCAM_SSP2,date=2023-22-11T14:08:28+06:015",d biomass,2095,4.208085144335124
467,India,"SSP2GCAM_SSP2,date=2023-22-11T14:08:28+06:015",d biomass,2100,4.006327498421157
468,India,"SSP2GCAM_SSP2,date=2023-22-11T14:08:28+06:015",electricity,2005,1.7571578103400003
469,India,"SSP2GCAM_SSP2,date=2023-22-11T14:08:28+06:015",electricity,2010,2.59907256691
470,India,"SSP2GCAM_SSP2,date=2023-22-11T14:08:28+06:015",electricity,2015,3.725342868
471,India,"SSP2GCAM_SSP2,date=2023-22-11T14:08:28+06:015",electricity,2020,5.450781447999999
472,India,"SSP2GCAM_SSP2,date=2023-22-11T14:08:28+06:015",electricity,2025,8.114480876850998
473,India,"SSP2GCAM_SSP2,date=2023-22-11T14:08:28+06:015",electricity,2030,11.454065218510102
474,India,"SSP2GCAM_SSP2,date=2023-22-11T14:08:28+06:015",electricity,2035,15.228193272014504
475,India,"SSP2GCAM_SSP2,date=2023-22-11T14:08:28+06:015",electricity,2040,19.3330883567235
476,India,"SSP2GCAM_SSP2,date=2023-22-11T14:08:28+06:015",electricity,2045,23.465079478329002
477,India,"SSP2GCAM_SSP2,date=2023-22-11T14:08:28+06:015",electricity,2050,27.49539886780001
478,India,"SSP2GCAM_SSP2,date=2023-22-11T14:08:28+06:015",electricity,2055,31.381530659499994
479,India,"SSP2GCAM_SSP2,date=2023-22-11T14:08:28+06:015",electricity,2060,35.03710823639998
480,India,"SSP2GCAM_SSP2,date=2023-22-11T14:08:28+06:015",electricity,2065,38.39607456144
481,India,"SSP2GCAM_SSP2,date=2023-22-11T14:08:28+06:015",electricity,2070,41.50895202052998
482,India,"SSP2GCAM_SSP2,date=2023-22-11T14:08:28+06:015",electricity,2075,44.25241116888701
483,India,"SSP2GCAM_SSP2,date=2023-22-11T14:08:28+06:015",electricity,2080,46.46778016192031
484,India,"SSP2GCAM_SSP2,date=2023-22-11T14:08:28+06:015",electricity,2085,48.1991718513959
485,India,"SSP2GCAM_SSP2,date=2023-22-11T14:08:28+06:015",electricity,2090,49.4328304803247
486,India,"SSP2GCAM_SSP2,date=2023-22-11T14:08:28+06:015",electricity,2095,50.18881682962303
487,India,"SSP2GCAM_SSP2,date=2023-22-11T14:08:28+06:015",electricity,2100,50.786470111436614
488,India,"SSP2GCAM_SSP2,date=2023-22-11T14:08:28+06:015",gas,2005,0.73127204432
489,India,"SSP2GCAM_SSP2,date=2023-22-11T14:08:28+06:015",gas,2010,1.1661323939100001
490,India,"SSP2GCAM_SSP2,date=2023-22-11T14:08:28+06:015",gas,2015,1.315376944
491,India,"SSP2GCAM_SSP2,date=2023-22-11T14:08:28+06:015",gas,2020,1.72132820486359
492,India,"SSP2GCAM_SSP2,date=2023-22-11T14:08:28+06:015",gas,2025,2.17502018358644
493,India,"SSP2GCAM_SSP2,date=2023-22-11T14:08:28+06:015",gas,2030,2.7085098165513704
494,India,"SSP2GCAM_SSP2,date=2023-22-11T14:08:28+06:015",gas,2035,3.3600530607893586
495,India,"SSP2GCAM_SSP2,date=2023-22-11T14:08:28+06:015",gas,2040,4.051619806598361
496,India,"SSP2GCAM_SSP2,date=2023-22-11T14:08:28+06:015",gas,2045,4.699729240419193
497,India,"SSP2GCAM_SSP2,date=2023-22-11T14:08:28+06:015",gas,2050,5.226471679930251
498,India,"SSP2GCAM_SSP2,date=2023-22-11T14:08:28+06:015",gas,2055,5.649573128424119
499,India,"SSP2GCAM_SSP2,date=2023-22-11T14:08:28+06:015",gas,2060,5.97398939047204
500,India,"SSP2GCAM_SSP2,date=2023-22-11T14:08:28+06:015",gas,2065,6.2018632523576205
501,India,"SSP2GCAM_SSP2,date=2023-22-11T14:08:28+06:015",gas,2070,6.430221483988248
502,India,"SSP2GCAM_SSP2,date=2023-22-11T14:08:28+06:015",gas,2075,6.6923115875949915
503,India,"SSP2GCAM_SSP2,date=2023-22-11T14:08:28+06:015",gas,2080,6.947868697970671
504,India,"SSP2GCAM_SSP2,date=2023-22-11T14:08:28+06:015",gas,2085,7.183797837604856
505,India,"SSP2GCAM_SSP2,date=2023-22-11T14:08:28+06:015",gas,2090,7.364255314166877
506,India,"SSP2GCAM_SSP2,date=2023-22-11T14:08:28+06:015",gas,2095,7.415180672693131
507,India,"SSP2GCAM_SSP2,date=2023-22-11T14:08:28+06:015",gas,2100,7.3792035887036365
508,India,"SSP2GCAM_SSP2,date=2023-22-11T14:08:28+06:015",hydrogen,2025,0.01583526483
509,India,"SSP2GCAM_SSP2,date=2023-22-11T14:08:28+06:015",hydrogen,2030,0.08200095821000002
510,India,"SSP2GCAM_SSP2,date=2023-22-11T14:08:28+06:015",hydrogen,2035,0.23192336894200008
511,India,"SSP2GCAM_SSP2,date=2023-22-11T14:08:28+06:015",hydrogen,2040,0.4077343563599999
512,India,"SSP2GCAM_SSP2,date=2023-22-11T14:08:28+06:015",hydrogen,2045,0.5782502536400002
513,India,"SSP2GCAM_SSP2,date=2023-22-11T14:08:28+06:015",hydrogen,2050,0.740464821247
514,India,"SSP2GCAM_SSP2,date=2023-22-11T14:08:28+06:015",hydrogen,2055,0.8838411383020001
515,India,"SSP2GCAM_SSP2,date=2023-22-11T14:08:28+06:015",hydrogen,2060,1.0294386462021998
516,India,"SSP2GCAM_SSP2,date=2023-22-11T14:08:28+06:015",hydrogen,2065,1.1797210591300002
517,India,"SSP2GCAM_SSP2,date=2023-22-11T14:08:28+06:015",hydrogen,2070,1.346821080856
518,India,"SSP2GCAM_SSP2,date=2023-22-11T14:08:28+06:015",hydrogen,2075,1.5336677288800002
519,India,"SSP2GCAM_SSP2,date=2023-22-11T14:08:28+06:015",hydrogen,2080,1.7141969277599998
520,India,"SSP2GCAM_SSP2,date=2023-22-11T14:08:28+06:015",hydrogen,2085,1.88069203915
521,India,"SSP2GCAM_SSP2,date=2023-22-11T14:08:28+06:015",hydrogen,2090,2.0255582307599997
522,India,"SSP2GCAM_SSP2,date=2023-22-11T14:08:28+06:015",hydrogen,2095,2.12987925976
523,India,"SSP2GCAM_SSP2,date=2023-22-11T14:08:28+06:015",hydrogen,2100,2.2146857890289993
524,India,"SSP2GCAM_SSP2,date=2023-22-11T14:08:28+06:015",j traditional biomass,2005,4.902558
525,India,"SSP2GCAM_SSP2,date=2023-22-11T14:08:28+06:015",j traditional biomass,2010,5.6123382500000005
526,India,"SSP2GCAM_SSP2,date=2023-22-11T14:08:28+06:015",j traditional biomass,2015,5.02964908
527,India,"SSP2GCAM_SSP2,date=2023-22-11T14:08:28+06:015",j traditional biomass,2020,4.96179468
528,India,"SSP2GCAM_SSP2,date=2023-22-11T14:08:28+06:015",j traditional biomass,2025,4.60277947
529,India,"SSP2GCAM_SSP2,date=2023-22-11T14:08:28+06:015",j traditional biomass,2030,4.11880411
530,India,"SSP2GCAM_SSP2,date=2023-22-11T14:08:28+06:015",j traditional biomass,2035,3.6229315599999996
531,India,"SSP2GCAM_SSP2,date=2023-22-11T14:08:28+06:015",j traditional biomass,2040,3.15124766
532,India,"SSP2GCAM_SSP2,date=2023-22-11T14:08:28+06:015",j traditional biomass,2045,2.68701161
533,India,"SSP2GCAM_SSP2,date=2023-22-11T14:08:28+06:015",j traditional biomass,2050,2.26717765
534,India,"SSP2GCAM_SSP2,date=2023-22-11T14:08:28+06:015",j traditional biomass,2055,1.87795016
535,India,"SSP2GCAM_SSP2,date=2023-22-11T14:08:28+06:015",j traditional biomass,2060,1.521802
536,India,"SSP2GCAM_SSP2,date=2023-22-11T14:08:28+06:015",j traditional biomass,2065,1.2118696000000002
537,India,"SSP2GCAM_SSP2,date=2023-22-11T14:08:28+06:015",j traditional biomass,2070,0.9553565300000001
538,India,"SSP2GCAM_SSP2,date=2023-22-11T14:08:28+06:015",j traditional biomass,2075,0.74617051
539,India,"SSP2GCAM_SSP2,date=2023-22-11T14:08:28+06:015",j traditional biomass,2080,0.584521113
540,India,"SSP2GCAM_SSP2,date=2023-22-11T14:08:28+06:015",j traditional biomass,2085,0.455637291
541,India,"SSP2GCAM_SSP2,date=2023-22-11T14:08:28+06:015",j traditional biomass,2090,0.355386983
542,India,"SSP2GCAM_SSP2,date=2023-22-11T14:08:28+06:015",j traditional biomass,2095,0.27860427299999996
543,India,"SSP2GCAM_SSP2,date=2023-22-11T14:08:28+06:015",j traditional biomass,2100,0.22124280400000002
544,India,"SSP2GCAM_SSP2,date=2023-22-11T14:08:28+06:015",refined liquids,2005,4.5769762613
545,India,"SSP2GCAM_SSP2,date=2023-22-11T14:08:28+06:015",refined liquids,2010,5.8438659944
546,India,"SSP2GCAM_SSP2,date=2023-22-11T14:08:28+06:015",refined liquids,2015,7.742288212000001
547,India,"SSP2GCAM_SSP2,date=2023-22-11T14:08:28+06:015",refined liquids,2020,9.573390899400001
548,India,"SSP2GCAM_SSP2,date=2023-22-11T14:08:28+06:015",refined liquids,2025,11.441931925562908
549,India,"SSP2GCAM_SSP2,date=2023-22-11T14:08:28+06:015",refined liquids,2030,12.962868082259483
550,India,"SSP2GCAM_SSP2,date=2023-22-11T14:08:28+06:015",refined liquids,2035,14.206100600866725
551,India,"SSP2GCAM_SSP2,date=2023-22-11T14:08:28+06:015",refined liquids,2040,15.41525337877242
552,India,"SSP2GCAM_SSP2,date=2023-22-11T14:08:28+06:015",refined liquids,2045,16.839520097632775
553,India,"SSP2GCAM_SSP2,date=2023-22-11T14:08:28+06:015",refined liquids,2050,18.473254646939623
554,India,"SSP2GCAM_SSP2,date=2023-22-11T14:08:28+06:015",refined liquids,2055,20.37916486828969
555,India,"SSP2GCAM_SSP2,date=2023-22-11T14:08:28+06:015",refined liquids,2060,22.36434214953025
556,India,"SSP2GCAM_SSP2,date=2023-22-11T14:08:28+06:015",refined liquids,2065,24.296456080009662
557,India,"SSP2GCAM_SSP2,date=2023-22-11T14:08:28+06:015",refined liquids,2070,25.836902714326797
558,India,"SSP2GCAM_SSP2,date=2023-22-11T14:08:28+06:015",refined liquids,2075,26.945239460696932
559,India,"SSP2GCAM_SSP2,date=2023-22-11T14:08:28+06:015",refined liquids,2080,27.970895496909275
560,India,"SSP2GCAM_SSP2,date=2023-22-11T14:08:28+06:015",refined liquids,2085,29.020934020674055
561,India,"SSP2GCAM_SSP2,date=2023-22-11T14:08:28+06:015",refined liquids,2090,30.045844719470683
562,India,"SSP2GCAM_SSP2,date=2023-22-11T14:08:28+06:015",refined liquids,2095,31.063286700359974
563,India,"SSP2GCAM_SSP2,date=2023-22-11T14:08:28+06:015",refined liquids,2100,32.00946515309793
564,South Asia,"SSP2GCAM_SSP2,date=2023-22-11T14:08:28+06:015",c coal,2005,0.0394409
565,South Asia,"SSP2GCAM_SSP2,date=2023-22-11T14:08:28+06:015",c coal,2010,0.0665484
566,South Asia,"SSP2GCAM_SSP2,date=2023-22-11T14:08:28+06:015",c coal,2015,0.14872899008
567,South Asia,"SSP2GCAM_SSP2,date=2023-22-11T14:08:28+06:015",c coal,2020,0.22291033069
568,South Asia,"SSP2GCAM_SSP2,date=2023-22-11T14:08:28+06:015",c coal,2025,0.31710166978899995
569,South Asia,"SSP2GCAM_SSP2,date=2023-22-11T14:08:28+06:015",c coal,2030,0.42471888026400006
570,South Asia,"SSP2GCAM_SSP2,date=2023-22-11T14:08:28+06:015",c coal,2035,0.5443108778999999
571,South Asia,"SSP2GCAM_SSP2,date=2023-22-11T14:08:28+06:015",c coal,2040,0.6869185385099997
572,South Asia,"SSP2GCAM_SSP2,date=2023-22-11T14:08:28+06:015",c coal,2045,0.8569027170999998
573,South Asia,"SSP2GCAM_SSP2,date=2023-22-11T14:08:28+06:015",c coal,2050,1.0552868758
574,South Asia,"SSP2GCAM_SSP2,date=2023-22-11T14:08:28+06:015",c coal,2055,1.2801222979999995
575,South Asia,"SSP2GCAM_SSP2,date=2023-22-11T14:08:28+06:015",c coal,2060,1.5122477630000002
576,South Asia,"SSP2GCAM_SSP2,date=2023-22-11T14:08:28+06:015",c coal,2065,1.7350310019999997
577,South Asia,"SSP2GCAM_SSP2,date=2023-22-11T14:08:28+06:015",c coal,2070,1.9356698885999997
578,South Asia,"SSP2GCAM_SSP2,date=2023-22-11T14:08:28+06:015",c coal,2075,2.1099582423
579,South Asia,"SSP2GCAM_SSP2,date=2023-22-11T14:08:28+06:015",c coal,2080,2.2557748089
580,South Asia,"SSP2GCAM_SSP2,date=2023-22-11T14:08:28+06:015",c coal,2085,2.3674963093000003
581,South Asia,"SSP2GCAM_SSP2,date=2023-22-11T14:08:28+06:015",c coal,2090,2.4453212605
582,South Asia,"SSP2GCAM_SSP2,date=2023-22-11T14:08:28+06:015",c coal,2095,2.4922467764
583,South Asia,"SSP2GCAM_SSP2,date=2023-22-11T14:08:28+06:015",c coal,2100,2.509123731699999
584,South Asia,"SSP2GCAM_SSP2,date=2023-22-11T14:08:28+06:015",d biomass,2005,0.09525070299999999
585,South Asia,"SSP2GCAM_SSP2,date=2023-22-11T14:08:28+06:015",d biomass,2010,0.10195885899999999
586,South Asia,"SSP2GCAM_SSP2,date=2023-22-11T14:08:28+06:015",d biomass,2015,0.12052756899999999
587,South Asia,"SSP2GCAM_SSP2,date=2023-22-11T14:08:28+06:015",d biomass,2020,0.16819783300000002
588,South Asia,"SSP2GCAM_SSP2,date=2023-22-11T14:08:28+06:015",d biomass,2025,0.235067106
589,South Asia,"SSP2GCAM_SSP2,date=2023-22-11T14:08:28+06:015",d biomass,2030,0.30654242200000004
590,South Asia,"SSP2GCAM_SSP2,date=2023-22-11T14:08:28+06:015",d biomass,2035,0.3832172259999999
591,South Asia,"SSP2GCAM_SSP2,date=2023-22-11T14:08:28+06:015",d biomass,2040,0.4667843493
592,South Asia,"SSP2GCAM_SSP2,date=2023-22-11T14:08:28+06:015",d biomass,2045,0.5586680045000001
593,South Asia,"SSP2GCAM_SSP2,date=2023-22-11T14:08:28+06:015",d biomass,2050,0.6394302052399999
594,South Asia,"SSP2GCAM_SSP2,date=2023-22-11T14:08:28+06:015",d biomass,2055,0.7151048890900001
595,South Asia,"SSP2GCAM_SSP2,date=2023-22-11T14:08:28+06:015",d biomass,2060,0.78402008392
596,South Asia,"SSP2GCAM_SSP2,date=2023-22-11T14:08:28+06:015",d biomass,2065,0.8466816374400001
597,South Asia,"SSP2GCAM_SSP2,date=2023-22-11T14:08:28+06:015",d biomass,2070,0.9066351035500001
598,South Asia,"SSP2GCAM_SSP2,date=2023-22-11T14:08:28+06:015",d biomass,2075,0.9649968248800002
599,South Asia,"SSP2GCAM_SSP2,date=2023-22-11T14:08:28+06:015",d biomass,2080,1.01863106776
600,South Asia,"SSP2GCAM_SSP2,date=2023-22-11T14:08:28+06:015",d biomass,2085,1.0641471454999998
601,South Asia,"SSP2GCAM_SSP2,date=2023-22-11T14:08:28+06:015",d biomass,2090,1.0998961864099999
602,South Asia,"SSP2GCAM_SSP2,date=2023-22-11T14:08:28+06:015",d biomass,2095,1.1245934694999995
603,South Asia,"SSP2GCAM_SSP2,date=2023-22-11T14:08:28+06:015",d biomass,2100,1.14178053
604,South Asia,"SSP2GCAM_SSP2,date=2023-22-11T14:08:28+06:015",electricity,2005,0.1457838364
605,South Asia,"SSP2GCAM_SSP2,date=2023-22-11T14:08:28+06:015",electricity,2010,0.2077206244
606,South Asia,"SSP2GCAM_SSP2,date=2023-22-11T14:08:28+06:015",electricity,2015,0.2986009295089999
607,South Asia,"SSP2GCAM_SSP2,date=2023-22-11T14:08:28+06:015",electricity,2020,0.4528584912700001
608,South Asia,"SSP2GCAM_SSP2,date=2023-22-11T14:08:28+06:015",electricity,2025,0.6779063806937802
609,South Asia,"SSP2GCAM_SSP2,date=2023-22-11T14:08:28+06:015",electricity,2030,0.9780810995933601
610,South Asia,"SSP2GCAM_SSP2,date=2023-22-11T14:08:28+06:015",electricity,2035,1.3400708766757297
611,South Asia,"SSP2GCAM_SSP2,date=2023-22-11T14:08:28+06:015",electricity,2040,1.7633266083547936
612,South Asia,"SSP2GCAM_SSP2,date=2023-22-11T14:08:28+06:015",electricity,2045,2.210881632395001
613,South Asia,"SSP2GCAM_SSP2,date=2023-22-11T14:08:28+06:015",electricity,2050,2.6955190154578
614,South Asia,"SSP2GCAM_SSP2,date=2023-22-11T14:08:28+06:015",electricity,2055,3.2272476479868
615,South Asia,"SSP2GCAM_SSP2,date=2023-22-11T14:08:28+06:015",electricity,2060,3.794718246604
616,South Asia,"SSP2GCAM_SSP2,date=2023-22-11T14:08:28+06:015",electricity,2065,4.377648251928998
617,South Asia,"SSP2GCAM_SSP2,date=2023-22-11T14:08:28+06:015",electricity,2070,4.972576100742001
618,South Asia,"SSP2GCAM_SSP2,date=2023-22-11T14:08:28+06:015",electricity,2075,5.561864041669999
619,South Asia,"SSP2GCAM_SSP2,date=2023-22-11T14:08:28+06:015",electricity,2080,6.121435267783999
620,South Asia,"SSP2GCAM_SSP2,date=2023-22-11T14:08:28+06:015",electricity,2085,6.648372006674999
621,South Asia,"SSP2GCAM_SSP2,date=2023-22-11T14:08:28+06:015",electricity,2090,7.131846796360003
622,South Asia,"SSP2GCAM_SSP2,date=2023-22-11T14:08:28+06:015",electricity,2095,7.570116633385
623,South Asia,"SSP2GCAM_SSP2,date=2023-22-11T14:08:28+06:015",electricity,2100,7.974129417193
624,South Asia,"SSP2GCAM_SSP2,date=2023-22-11T14:08:28+06:015",gas,2005,0.2004803594
625,South Asia,"SSP2GCAM_SSP2,date=2023-22-11T14:08:28+06:015",gas,2010,0.31684888190000005
626,South Asia,"SSP2GCAM_SSP2,date=2023-22-11T14:08:28+06:015",gas,2015,0.40195010719499996
627,South Asia,"SSP2GCAM_SSP2,date=2023-22-11T14:08:28+06:015",gas,2020,0.51050596778009
628,South Asia,"SSP2GCAM_SSP2,date=2023-22-11T14:08:28+06:015",gas,2025,0.6147895429242999
629,South Asia,"SSP2GCAM_SSP2,date=2023-22-11T14:08:28+06:015",gas,2030,0.7393069796563098
630,South Asia,"SSP2GCAM_SSP2,date=2023-22-11T14:08:28+06:015",gas,2035,0.8486174708053998
631,South Asia,"SSP2GCAM_SSP2,date=2023-22-11T14:08:28+06:015",gas,2040,0.9400432822084009
632,South Asia,"SSP2GCAM_SSP2,date=2023-22-11T14:08:28+06:015",gas,2045,1.0075737165411993
633,South Asia,"SSP2GCAM_SSP2,date=2023-22-11T14:08:28+06:015",gas,2050,1.0833654117570997
634,South Asia,"SSP2GCAM_SSP2,date=2023-22-11T14:08:28+06:015",gas,2055,1.1743971479959996
635,South Asia,"SSP2GCAM_SSP2,date=2023-22-11T14:08:28+06:015",gas,2060,1.263993278115
636,South Asia,"SSP2GCAM_SSP2,date=2023-22-11T14:08:28+06:015",gas,2065,1.3376230530010003
637,South Asia,"SSP2GCAM_SSP2,date=2023-22-11T14:08:28+06:015",gas,2070,1.4035172153899997
638,South Asia,"SSP2GCAM_SSP2,date=2023-22-11T14:08:28+06:015",gas,2075,1.4769801525389996
639,South Asia,"SSP2GCAM_SSP2,date=2023-22-11T14:08:28+06:015",gas,2080,1.548065304528
640,South Asia,"SSP2GCAM_SSP2,date=2023-22-11T14:08:28+06:015",gas,2085,1.620292835961
641,South Asia,"SSP2GCAM_SSP2,date=2023-22-11T14:08:28+06:015",gas,2090,1.692595344834
642,South Asia,"SSP2GCAM_SSP2,date=2023-22-11T14:08:28+06:015",gas,2095,1.7778445862679997
643,South Asia,"SSP2GCAM_SSP2,date=2023-22-11T14:08:28+06:015",gas,2100,1.9374838391549998
644,South Asia,"SSP2GCAM_SSP2,date=2023-22-11T14:08:28+06:015",hydrogen,2025,0.0012399781736000003
645,South Asia,"SSP2GCAM_SSP2,date=2023-22-11T14:08:28+06:015",hydrogen,2030,0.007784056425599999
646,South Asia,"SSP2GCAM_SSP2,date=2023-22-11T14:08:28+06:015",hydrogen,2035,0.020046682234199996
647,South Asia,"SSP2GCAM_SSP2,date=2023-22-11T14:08:28+06:015",hydrogen,2040,0.03526770796498001
648,South Asia,"SSP2GCAM_SSP2,date=2023-22-11T14:08:28+06:015",hydrogen,2045,0.0522280393976
649,South Asia,"SSP2GCAM_SSP2,date=2023-22-11T14:08:28+06:015",hydrogen,2050,0.07099812191650001
650,South Asia,"SSP2GCAM_SSP2,date=2023-22-11T14:08:28+06:015",hydrogen,2055,0.08751797509638003
651,South Asia,"SSP2GCAM_SSP2,date=2023-22-11T14:08:28+06:015",hydrogen,2060,0.10508893312746005
652,South Asia,"SSP2GCAM_SSP2,date=2023-22-11T14:08:28+06:015",hydrogen,2065,0.12406790322229996
653,South Asia,"SSP2GCAM_SSP2,date=2023-22-11T14:08:28+06:015",hydrogen,2070,0.14349800223870002
654,South Asia,"SSP2GCAM_SSP2,date=2023-22-11T14:08:28+06:015",hydrogen,2075,0.16231806678509997
655,South Asia,"SSP2GCAM_SSP2,date=2023-22-11T14:08:28+06:015",hydrogen,2080,0.17988699058270005
656,South Asia,"SSP2GCAM_SSP2,date=2023-22-11T14:08:28+06:015",hydrogen,2085,0.19593444938289994
657,South Asia,"SSP2GCAM_SSP2,date=2023-22-11T14:08:28+06:015",hydrogen,2090,0.21033427600500004
658,South Asia,"SSP2GCAM_SSP2,date=2023-22-11T14:08:28+06:015",hydrogen,2095,0.22261669852499993
659,South Asia,"SSP2GCAM_SSP2,date=2023-22-11T14:08:28+06:015",hydrogen,2100,0.23115406310500003
660,South Asia,"SSP2GCAM_SSP2,date=2023-22-11T14:08:28+06:015",j traditional biomass,2005,0.8891226
661,South Asia,"SSP2GCAM_SSP2,date=2023-22-11T14:08:28+06:015",j traditional biomass,2010,0.950621
662,South Asia,"SSP2GCAM_SSP2,date=2023-22-11T14:08:28+06:015",j traditional biomass,2015,0.9768972
663,South Asia,"SSP2GCAM_SSP2,date=2023-22-11T14:08:28+06:015",j traditional biomass,2020,0.9971676
664,South Asia,"SSP2GCAM_SSP2,date=2023-22-11T14:08:28+06:015",j traditional biomass,2025,0.9963126
665,South Asia,"SSP2GCAM_SSP2,date=2023-22-11T14:08:28+06:015",j traditional biomass,2030,0.9657561
666,South Asia,"SSP2GCAM_SSP2,date=2023-22-11T14:08:28+06:015",j traditional biomass,2035,0.9046598
667,South Asia,"SSP2GCAM_SSP2,date=2023-22-11T14:08:28+06:015",j traditional biomass,2040,0.8558463000000001
668,South Asia,"SSP2GCAM_SSP2,date=2023-22-11T14:08:28+06:015",j traditional biomass,2045,0.8169812000000001
669,South Asia,"SSP2GCAM_SSP2,date=2023-22-11T14:08:28+06:015",j traditional biomass,2050,0.7546582000000001
670,South Asia,"SSP2GCAM_SSP2,date=2023-22-11T14:08:28+06:015",j traditional biomass,2055,0.6729904
671,South Asia,"SSP2GCAM_SSP2,date=2023-22-11T14:08:28+06:015",j traditional biomass,2060,0.5872163
672,South Asia,"SSP2GCAM_SSP2,date=2023-22-11T14:08:28+06:015",j traditional biomass,2065,0.5072042
673,South Asia,"SSP2GCAM_SSP2,date=2023-22-11T14:08:28+06:015",j traditional biomass,2070,0.4301397
674,South Asia,"SSP2GCAM_SSP2,date=2023-22-11T14:08:28+06:015",j traditional biomass,2075,0.3558455
675,South Asia,"SSP2GCAM_SSP2,date=2023-22-11T14:08:28+06:015",j traditional biomass,2080,0.2882857
676,South Asia,"SSP2GCAM_SSP2,date=2023-22-11T14:08:28+06:015",j traditional biomass,2085,0.2286793
677,South Asia,"SSP2GCAM_SSP2,date=2023-22-11T14:08:28+06:015",j traditional biomass,2090,0.17828490000000002
678,South Asia,"SSP2GCAM_SSP2,date=2023-22-11T14:08:28+06:015",j traditional biomass,2095,0.1365895
679,South Asia,"SSP2GCAM_SSP2,date=2023-22-11T14:08:28+06:015",j traditional biomass,2100,0.1024247
680,South Asia,"SSP2GCAM_SSP2,date=2023-22-11T14:08:28+06:015",refined liquids,2005,0.39362346899999995
681,South Asia,"SSP2GCAM_SSP2,date=2023-22-11T14:08:28+06:015",refined liquids,2010,0.46250058469999994
682,South Asia,"SSP2GCAM_SSP2,date=2023-22-11T14:08:28+06:015",refined liquids,2015,0.6579212291150001
683,South Asia,"SSP2GCAM_SSP2,date=2023-22-11T14:08:28+06:015",refined liquids,2020,0.81296068336709
684,South Asia,"SSP2GCAM_SSP2,date=2023-22-11T14:08:28+06:015",refined liquids,2025,0.9655002117403
685,South Asia,"SSP2GCAM_SSP2,date=2023-22-11T14:08:28+06:015",refined liquids,2030,1.08609134793631
686,South Asia,"SSP2GCAM_SSP2,date=2023-22-11T14:08:28+06:015",refined liquids,2035,1.2001674700154012
687,South Asia,"SSP2GCAM_SSP2,date=2023-22-11T14:08:28+06:015",refined liquids,2040,1.3428271631884006
688,South Asia,"SSP2GCAM_SSP2,date=2023-22-11T14:08:28+06:015",refined liquids,2045,1.5351298203382004
689,South Asia,"SSP2GCAM_SSP2,date=2023-22-11T14:08:28+06:015",refined liquids,2050,1.768222130865099
690,South Asia,"SSP2GCAM_SSP2,date=2023-22-11T14:08:28+06:015",refined liquids,2055,2.057554044675999
691,South Asia,"SSP2GCAM_SSP2,date=2023-22-11T14:08:28+06:015",refined liquids,2060,2.379911582660998
692,South Asia,"SSP2GCAM_SSP2,date=2023-22-11T14:08:28+06:015",refined liquids,2065,2.7257343503939997
693,South Asia,"SSP2GCAM_SSP2,date=2023-22-11T14:08:28+06:015",refined liquids,2070,3.0870051748900003
694,South Asia,"SSP2GCAM_SSP2,date=2023-22-11T14:08:28+06:015",refined liquids,2075,3.4477654346690016
695,South Asia,"SSP2GCAM_SSP2,date=2023-22-11T14:08:28+06:015",refined liquids,2080,3.8123514036970003
696,South Asia,"SSP2GCAM_SSP2,date=2023-22-11T14:08:28+06:015",refined liquids,2085,4.176331300020999
697,South Asia,"SSP2GCAM_SSP2,date=2023-22-11T14:08:28+06:015",refined liquids,2090,4.534205449764
698,South Asia,"SSP2GCAM_SSP2,date=2023-22-11T14:08:28+06:015",refined liquids,2095,4.8746773503780005
699,South Asia,"SSP2GCAM_SSP2,date=2023-22-11T14:08:28+06:015",refined liquids,2100,5.180581189124998
