,Units,scenario,region,Year,value
0,MTC,"GCAM_SSP2,date=2022-3-12T23:02:47+06:015",Africa_Eastern,1975,2.877035859
1,MTC,"GCAM_SSP2,date=2022-3-12T23:02:47+06:015",Africa_Eastern,1990,7.295419613999999
2,MTC,"GCAM_SSP2,date=2022-3-12T23:02:47+06:015",Africa_Eastern,2005,13.096461115599997
3,MTC,"GCAM_SSP2,date=2022-3-12T23:02:47+06:015",Africa_Eastern,2010,18.3840202204
4,MTC,"GCAM_SSP2,date=2022-3-12T23:02:47+06:015",Africa_Eastern,2015,22.31133879820001
5,MTC,"GCAM_SSP2,date=2022-3-12T23:02:47+06:015",Africa_Eastern,2020,32.44118599982996
6,MTC,"GCAM_SSP2,date=2022-3-12T23:02:47+06:015",Africa_Eastern,2025,38.611064214299944
7,MTC,"GCAM_SSP2,date=2022-3-12T23:02:47+06:015",Africa_Eastern,2030,46.92979806099006
8,MTC,"GCAM_SSP2,date=2022-3-12T23:02:47+06:015",Africa_Eastern,2035,57.54983635242995
9,MTC,"GCAM_SSP2,date=2022-3-12T23:02:47+06:015",Africa_Eastern,2040,71.48222879154004
10,MTC,"GCAM_SSP2,date=2022-3-12T23:02:47+06:015",Africa_Eastern,2045,88.30779700668009
11,MTC,"GCAM_SSP2,date=2022-3-12T23:02:47+06:015",Africa_Eastern,2050,111.6063965457402
12,MTC,"GCAM_SSP2,date=2022-3-12T23:02:47+06:015",Africa_Eastern,2055,142.6324411520798
13,MTC,"GCAM_SSP2,date=2022-3-12T23:02:47+06:015",Africa_Eastern,2060,179.94169610619602
14,MTC,"GCAM_SSP2,date=2022-3-12T23:02:47+06:015",Africa_Eastern,2065,220.82310195547126
15,MTC,"GCAM_SSP2,date=2022-3-12T23:02:47+06:015",Africa_Eastern,2070,264.3499163628401
16,MTC,"GCAM_SSP2,date=2022-3-12T23:02:47+06:015",Africa_Eastern,2075,310.03003724091985
17,MTC,"GCAM_SSP2,date=2022-3-12T23:02:47+06:015",Africa_Eastern,2080,357.53327117043
18,MTC,"GCAM_SSP2,date=2022-3-12T23:02:47+06:015",Africa_Eastern,2085,407.4162923789995
19,MTC,"GCAM_SSP2,date=2022-3-12T23:02:47+06:015",Africa_Eastern,2090,457.1976977593997
20,MTC,"GCAM_SSP2,date=2022-3-12T23:02:47+06:015",Africa_Eastern,2095,508.1008147555002
21,MTC,"GCAM_SSP2,date=2022-3-12T23:02:47+06:015",Africa_Eastern,2100,559.7004524818999
22,MTC,"GCAM_SSP2,date=2022-3-12T23:02:47+06:015",Africa_Northern,1975,10.997501800000004
23,MTC,"GCAM_SSP2,date=2022-3-12T23:02:47+06:015",Africa_Northern,1990,62.054194083800006
24,MTC,"GCAM_SSP2,date=2022-3-12T23:02:47+06:015",Africa_Northern,2005,104.91401049798004
25,MTC,"GCAM_SSP2,date=2022-3-12T23:02:47+06:015",Africa_Northern,2010,125.83799468381996
26,MTC,"GCAM_SSP2,date=2022-3-12T23:02:47+06:015",Africa_Northern,2015,142.69347672577
27,MTC,"GCAM_SSP2,date=2022-3-12T23:02:47+06:015",Africa_Northern,2020,165.0464108168169
28,MTC,"GCAM_SSP2,date=2022-3-12T23:02:47+06:015",Africa_Northern,2025,187.5843772251685
29,MTC,"GCAM_SSP2,date=2022-3-12T23:02:47+06:015",Africa_Northern,2030,211.4505401447877
30,MTC,"GCAM_SSP2,date=2022-3-12T23:02:47+06:015",Africa_Northern,2035,232.67999769891867
31,MTC,"GCAM_SSP2,date=2022-3-12T23:02:47+06:015",Africa_Northern,2040,252.7531234851783
32,MTC,"GCAM_SSP2,date=2022-3-12T23:02:47+06:015",Africa_Northern,2045,274.14783601464023
33,MTC,"GCAM_SSP2,date=2022-3-12T23:02:47+06:015",Africa_Northern,2050,295.40550594457056
34,MTC,"GCAM_SSP2,date=2022-3-12T23:02:47+06:015",Africa_Northern,2055,317.6273640306654
35,MTC,"GCAM_SSP2,date=2022-3-12T23:02:47+06:015",Africa_Northern,2060,338.59428063289755
36,MTC,"GCAM_SSP2,date=2022-3-12T23:02:47+06:015",Africa_Northern,2065,351.7144132846613
37,MTC,"GCAM_SSP2,date=2022-3-12T23:02:47+06:015",Africa_Northern,2070,362.7941369567776
38,MTC,"GCAM_SSP2,date=2022-3-12T23:02:47+06:015",Africa_Northern,2075,370.92696901239066
39,MTC,"GCAM_SSP2,date=2022-3-12T23:02:47+06:015",Africa_Northern,2080,374.8466173882482
40,MTC,"GCAM_SSP2,date=2022-3-12T23:02:47+06:015",Africa_Northern,2085,382.67639603870265
41,MTC,"GCAM_SSP2,date=2022-3-12T23:02:47+06:015",Africa_Northern,2090,390.6372437175952
42,MTC,"GCAM_SSP2,date=2022-3-12T23:02:47+06:015",Africa_Northern,2095,398.67305102317886
43,MTC,"GCAM_SSP2,date=2022-3-12T23:02:47+06:015",Africa_Northern,2100,407.38991658927034
44,MTC,"GCAM_SSP2,date=2022-3-12T23:02:47+06:015",Africa_Southern,1975,4.264416494
45,MTC,"GCAM_SSP2,date=2022-3-12T23:02:47+06:015",Africa_Southern,1990,10.153773092
46,MTC,"GCAM_SSP2,date=2022-3-12T23:02:47+06:015",Africa_Southern,2005,11.119157374099998
47,MTC,"GCAM_SSP2,date=2022-3-12T23:02:47+06:015",Africa_Southern,2010,14.087995343999998
48,MTC,"GCAM_SSP2,date=2022-3-12T23:02:47+06:015",Africa_Southern,2015,20.892818256340007
49,MTC,"GCAM_SSP2,date=2022-3-12T23:02:47+06:015",Africa_Southern,2020,29.135595580978993
50,MTC,"GCAM_SSP2,date=2022-3-12T23:02:47+06:015",Africa_Southern,2025,35.023194967267756
51,MTC,"GCAM_SSP2,date=2022-3-12T23:02:47+06:015",Africa_Southern,2030,43.18436197379808
52,MTC,"GCAM_SSP2,date=2022-3-12T23:02:47+06:015",Africa_Southern,2035,52.799871965000314
53,MTC,"GCAM_SSP2,date=2022-3-12T23:02:47+06:015",Africa_Southern,2040,65.62195378516631
54,MTC,"GCAM_SSP2,date=2022-3-12T23:02:47+06:015",Africa_Southern,2045,83.73352991924837
55,MTC,"GCAM_SSP2,date=2022-3-12T23:02:47+06:015",Africa_Southern,2050,108.02032149741531
56,MTC,"GCAM_SSP2,date=2022-3-12T23:02:47+06:015",Africa_Southern,2055,140.04538242214963
57,MTC,"GCAM_SSP2,date=2022-3-12T23:02:47+06:015",Africa_Southern,2060,179.62668422797375
58,MTC,"GCAM_SSP2,date=2022-3-12T23:02:47+06:015",Africa_Southern,2065,223.0613968295218
59,MTC,"GCAM_SSP2,date=2022-3-12T23:02:47+06:015",Africa_Southern,2070,271.4684295795662
60,MTC,"GCAM_SSP2,date=2022-3-12T23:02:47+06:015",Africa_Southern,2075,321.8144950703581
61,MTC,"GCAM_SSP2,date=2022-3-12T23:02:47+06:015",Africa_Southern,2080,370.753576156267
62,MTC,"GCAM_SSP2,date=2022-3-12T23:02:47+06:015",Africa_Southern,2085,418.5337248842736
63,MTC,"GCAM_SSP2,date=2022-3-12T23:02:47+06:015",Africa_Southern,2090,462.6542416917734
64,MTC,"GCAM_SSP2,date=2022-3-12T23:02:47+06:015",Africa_Southern,2095,502.2838613027716
65,MTC,"GCAM_SSP2,date=2022-3-12T23:02:47+06:015",Africa_Southern,2100,542.1629428634808
66,MTC,"GCAM_SSP2,date=2022-3-12T23:02:47+06:015",Africa_Western,1975,5.65993855
67,MTC,"GCAM_SSP2,date=2022-3-12T23:02:47+06:015",Africa_Western,1990,17.057191796999994
68,MTC,"GCAM_SSP2,date=2022-3-12T23:02:47+06:015",Africa_Western,2005,31.69999450911001
69,MTC,"GCAM_SSP2,date=2022-3-12T23:02:47+06:015",Africa_Western,2010,36.04074216037002
70,MTC,"GCAM_SSP2,date=2022-3-12T23:02:47+06:015",Africa_Western,2015,48.87009503978001
71,MTC,"GCAM_SSP2,date=2022-3-12T23:02:47+06:015",Africa_Western,2020,66.26747709649337
72,MTC,"GCAM_SSP2,date=2022-3-12T23:02:47+06:015",Africa_Western,2025,84.92366406846845
73,MTC,"GCAM_SSP2,date=2022-3-12T23:02:47+06:015",Africa_Western,2030,110.66648427802998
74,MTC,"GCAM_SSP2,date=2022-3-12T23:02:47+06:015",Africa_Western,2035,143.04787862146932
75,MTC,"GCAM_SSP2,date=2022-3-12T23:02:47+06:015",Africa_Western,2040,186.188866014546
76,MTC,"GCAM_SSP2,date=2022-3-12T23:02:47+06:015",Africa_Western,2045,244.52669232714658
77,MTC,"GCAM_SSP2,date=2022-3-12T23:02:47+06:015",Africa_Western,2050,323.1847806958559
78,MTC,"GCAM_SSP2,date=2022-3-12T23:02:47+06:015",Africa_Western,2055,418.87256861933935
79,MTC,"GCAM_SSP2,date=2022-3-12T23:02:47+06:015",Africa_Western,2060,532.4665228897852
80,MTC,"GCAM_SSP2,date=2022-3-12T23:02:47+06:015",Africa_Western,2065,654.8438477538798
81,MTC,"GCAM_SSP2,date=2022-3-12T23:02:47+06:015",Africa_Western,2070,783.2502316787428
82,MTC,"GCAM_SSP2,date=2022-3-12T23:02:47+06:015",Africa_Western,2075,910.5870117414063
83,MTC,"GCAM_SSP2,date=2022-3-12T23:02:47+06:015",Africa_Western,2080,1033.5846098894365
84,MTC,"GCAM_SSP2,date=2022-3-12T23:02:47+06:015",Africa_Western,2085,1153.540156853782
85,MTC,"GCAM_SSP2,date=2022-3-12T23:02:47+06:015",Africa_Western,2090,1265.9043985248982
86,MTC,"GCAM_SSP2,date=2022-3-12T23:02:47+06:015",Africa_Western,2095,1368.0032613074134
87,MTC,"GCAM_SSP2,date=2022-3-12T23:02:47+06:015",Africa_Western,2100,1462.221320982162
88,MTC,"GCAM_SSP2,date=2022-3-12T23:02:47+06:015",Argentina,1975,11.029971550000004
89,MTC,"GCAM_SSP2,date=2022-3-12T23:02:47+06:015",Argentina,1990,28.6565529834
90,MTC,"GCAM_SSP2,date=2022-3-12T23:02:47+06:015",Argentina,2005,42.393505792999996
91,MTC,"GCAM_SSP2,date=2022-3-12T23:02:47+06:015",Argentina,2010,51.81652107199998
92,MTC,"GCAM_SSP2,date=2022-3-12T23:02:47+06:015",Argentina,2015,55.84299055699998
93,MTC,"GCAM_SSP2,date=2022-3-12T23:02:47+06:015",Argentina,2020,62.04597501121196
94,MTC,"GCAM_SSP2,date=2022-3-12T23:02:47+06:015",Argentina,2025,66.77434322588599
95,MTC,"GCAM_SSP2,date=2022-3-12T23:02:47+06:015",Argentina,2030,70.51015503527005
96,MTC,"GCAM_SSP2,date=2022-3-12T23:02:47+06:015",Argentina,2035,73.19851553536452
97,MTC,"GCAM_SSP2,date=2022-3-12T23:02:47+06:015",Argentina,2040,74.69500442068893
98,MTC,"GCAM_SSP2,date=2022-3-12T23:02:47+06:015",Argentina,2045,75.50696078006607
99,MTC,"GCAM_SSP2,date=2022-3-12T23:02:47+06:015",Argentina,2050,76.3730283418097
100,MTC,"GCAM_SSP2,date=2022-3-12T23:02:47+06:015",Argentina,2055,77.94964073575014
101,MTC,"GCAM_SSP2,date=2022-3-12T23:02:47+06:015",Argentina,2060,80.07087988899708
102,MTC,"GCAM_SSP2,date=2022-3-12T23:02:47+06:015",Argentina,2065,80.94110196099707
103,MTC,"GCAM_SSP2,date=2022-3-12T23:02:47+06:015",Argentina,2070,82.1801381861932
104,MTC,"GCAM_SSP2,date=2022-3-12T23:02:47+06:015",Argentina,2075,82.9428861121648
105,MTC,"GCAM_SSP2,date=2022-3-12T23:02:47+06:015",Argentina,2080,83.06578092528738
106,MTC,"GCAM_SSP2,date=2022-3-12T23:02:47+06:015",Argentina,2085,83.09438123946953
107,MTC,"GCAM_SSP2,date=2022-3-12T23:02:47+06:015",Argentina,2090,83.25110336272927
108,MTC,"GCAM_SSP2,date=2022-3-12T23:02:47+06:015",Argentina,2095,83.55779875233543
109,MTC,"GCAM_SSP2,date=2022-3-12T23:02:47+06:015",Argentina,2100,84.0314474634346
110,MTC,"GCAM_SSP2,date=2022-3-12T23:02:47+06:015",Australia_NZ,1975,29.21162435
111,MTC,"GCAM_SSP2,date=2022-3-12T23:02:47+06:015",Australia_NZ,1990,81.52909447000003
112,MTC,"GCAM_SSP2,date=2022-3-12T23:02:47+06:015",Australia_NZ,2005,115.05888490999992
113,MTC,"GCAM_SSP2,date=2022-3-12T23:02:47+06:015",Australia_NZ,2010,120.55486017999992
114,MTC,"GCAM_SSP2,date=2022-3-12T23:02:47+06:015",Australia_NZ,2015,118.93155669000002
115,MTC,"GCAM_SSP2,date=2022-3-12T23:02:47+06:015",Australia_NZ,2020,129.95778575339995
116,MTC,"GCAM_SSP2,date=2022-3-12T23:02:47+06:015",Australia_NZ,2025,136.46366876161008
117,MTC,"GCAM_SSP2,date=2022-3-12T23:02:47+06:015",Australia_NZ,2030,139.9636348715391
118,MTC,"GCAM_SSP2,date=2022-3-12T23:02:47+06:015",Australia_NZ,2035,141.05105407133888
119,MTC,"GCAM_SSP2,date=2022-3-12T23:02:47+06:015",Australia_NZ,2040,140.83461571127933
120,MTC,"GCAM_SSP2,date=2022-3-12T23:02:47+06:015",Australia_NZ,2045,142.36775496056742
121,MTC,"GCAM_SSP2,date=2022-3-12T23:02:47+06:015",Australia_NZ,2050,142.58592584391081
122,MTC,"GCAM_SSP2,date=2022-3-12T23:02:47+06:015",Australia_NZ,2055,144.8171059493858
123,MTC,"GCAM_SSP2,date=2022-3-12T23:02:47+06:015",Australia_NZ,2060,149.30877115035204
124,MTC,"GCAM_SSP2,date=2022-3-12T23:02:47+06:015",Australia_NZ,2065,154.55310674367811
125,MTC,"GCAM_SSP2,date=2022-3-12T23:02:47+06:015",Australia_NZ,2070,160.60057698613195
126,MTC,"GCAM_SSP2,date=2022-3-12T23:02:47+06:015",Australia_NZ,2075,165.24932405418753
127,MTC,"GCAM_SSP2,date=2022-3-12T23:02:47+06:015",Australia_NZ,2080,165.45458068898606
128,MTC,"GCAM_SSP2,date=2022-3-12T23:02:47+06:015",Australia_NZ,2085,166.5404654722316
129,MTC,"GCAM_SSP2,date=2022-3-12T23:02:47+06:015",Australia_NZ,2090,166.47383472403945
130,MTC,"GCAM_SSP2,date=2022-3-12T23:02:47+06:015",Australia_NZ,2095,165.96509632677274
131,MTC,"GCAM_SSP2,date=2022-3-12T23:02:47+06:015",Australia_NZ,2100,165.61455528854916
132,MTC,"GCAM_SSP2,date=2022-3-12T23:02:47+06:015",Brazil,1975,27.46544848
133,MTC,"GCAM_SSP2,date=2022-3-12T23:02:47+06:015",Brazil,1990,59.05760217000001
134,MTC,"GCAM_SSP2,date=2022-3-12T23:02:47+06:015",Brazil,2005,97.70810127999998
135,MTC,"GCAM_SSP2,date=2022-3-12T23:02:47+06:015",Brazil,2010,116.47767183600001
136,MTC,"GCAM_SSP2,date=2022-3-12T23:02:47+06:015",Brazil,2015,138.42111198
137,MTC,"GCAM_SSP2,date=2022-3-12T23:02:47+06:015",Brazil,2020,159.36355384372604
138,MTC,"GCAM_SSP2,date=2022-3-12T23:02:47+06:015",Brazil,2025,174.0828995834476
139,MTC,"GCAM_SSP2,date=2022-3-12T23:02:47+06:015",Brazil,2030,185.09780640622918
140,MTC,"GCAM_SSP2,date=2022-3-12T23:02:47+06:015",Brazil,2035,195.26413599857455
141,MTC,"GCAM_SSP2,date=2022-3-12T23:02:47+06:015",Brazil,2040,202.33868919214032
142,MTC,"GCAM_SSP2,date=2022-3-12T23:02:47+06:015",Brazil,2045,206.0591175857903
143,MTC,"GCAM_SSP2,date=2022-3-12T23:02:47+06:015",Brazil,2050,207.64434393435445
144,MTC,"GCAM_SSP2,date=2022-3-12T23:02:47+06:015",Brazil,2055,213.53412563308956
145,MTC,"GCAM_SSP2,date=2022-3-12T23:02:47+06:015",Brazil,2060,223.29624477198803
146,MTC,"GCAM_SSP2,date=2022-3-12T23:02:47+06:015",Brazil,2065,229.58406424920574
147,MTC,"GCAM_SSP2,date=2022-3-12T23:02:47+06:015",Brazil,2070,236.97221127891524
148,MTC,"GCAM_SSP2,date=2022-3-12T23:02:47+06:015",Brazil,2075,243.68594823522497
149,MTC,"GCAM_SSP2,date=2022-3-12T23:02:47+06:015",Brazil,2080,245.39738476656026
150,MTC,"GCAM_SSP2,date=2022-3-12T23:02:47+06:015",Brazil,2085,246.60378501245242
151,MTC,"GCAM_SSP2,date=2022-3-12T23:02:47+06:015",Brazil,2090,247.08761637021436
152,MTC,"GCAM_SSP2,date=2022-3-12T23:02:47+06:015",Brazil,2095,247.5798065639084
153,MTC,"GCAM_SSP2,date=2022-3-12T23:02:47+06:015",Brazil,2100,248.04144410216395
154,MTC,"GCAM_SSP2,date=2022-3-12T23:02:47+06:015",Canada,1975,54.053679880000004
155,MTC,"GCAM_SSP2,date=2022-3-12T23:02:47+06:015",Canada,1990,119.43061701099998
156,MTC,"GCAM_SSP2,date=2022-3-12T23:02:47+06:015",Canada,2005,156.42346963400004
157,MTC,"GCAM_SSP2,date=2022-3-12T23:02:47+06:015",Canada,2010,151.671575594
158,MTC,"GCAM_SSP2,date=2022-3-12T23:02:47+06:015",Canada,2015,159.98385588400004
159,MTC,"GCAM_SSP2,date=2022-3-12T23:02:47+06:015",Canada,2020,173.45573744199993
160,MTC,"GCAM_SSP2,date=2022-3-12T23:02:47+06:015",Canada,2025,177.5072796800801
161,MTC,"GCAM_SSP2,date=2022-3-12T23:02:47+06:015",Canada,2030,179.18866877008597
162,MTC,"GCAM_SSP2,date=2022-3-12T23:02:47+06:015",Canada,2035,177.1651173770173
163,MTC,"GCAM_SSP2,date=2022-3-12T23:02:47+06:015",Canada,2040,174.41285258073816
164,MTC,"GCAM_SSP2,date=2022-3-12T23:02:47+06:015",Canada,2045,172.9420475196482
165,MTC,"GCAM_SSP2,date=2022-3-12T23:02:47+06:015",Canada,2050,170.91619708767652
166,MTC,"GCAM_SSP2,date=2022-3-12T23:02:47+06:015",Canada,2055,169.10258407414364
167,MTC,"GCAM_SSP2,date=2022-3-12T23:02:47+06:015",Canada,2060,169.36323968511772
168,MTC,"GCAM_SSP2,date=2022-3-12T23:02:47+06:015",Canada,2065,169.71771187839664
169,MTC,"GCAM_SSP2,date=2022-3-12T23:02:47+06:015",Canada,2070,175.89580988233894
170,MTC,"GCAM_SSP2,date=2022-3-12T23:02:47+06:015",Canada,2075,181.71977162066918
171,MTC,"GCAM_SSP2,date=2022-3-12T23:02:47+06:015",Canada,2080,184.85111491837887
172,MTC,"GCAM_SSP2,date=2022-3-12T23:02:47+06:015",Canada,2085,187.3393819896948
173,MTC,"GCAM_SSP2,date=2022-3-12T23:02:47+06:015",Canada,2090,188.817055175877
174,MTC,"GCAM_SSP2,date=2022-3-12T23:02:47+06:015",Canada,2095,190.09819530404403
175,MTC,"GCAM_SSP2,date=2022-3-12T23:02:47+06:015",Canada,2100,191.34858766398415
176,MTC,"GCAM_SSP2,date=2022-3-12T23:02:47+06:015",Central America and Caribbean,1975,10.958797688754002
177,MTC,"GCAM_SSP2,date=2022-3-12T23:02:47+06:015",Central America and Caribbean,1990,28.812851813283
178,MTC,"GCAM_SSP2,date=2022-3-12T23:02:47+06:015",Central America and Caribbean,2005,46.998872857900004
179,MTC,"GCAM_SSP2,date=2022-3-12T23:02:47+06:015",Central America and Caribbean,2010,53.50283665739997
180,MTC,"GCAM_SSP2,date=2022-3-12T23:02:47+06:015",Central America and Caribbean,2015,56.73736112069
181,MTC,"GCAM_SSP2,date=2022-3-12T23:02:47+06:015",Central America and Caribbean,2020,61.08540150612
182,MTC,"GCAM_SSP2,date=2022-3-12T23:02:47+06:015",Central America and Caribbean,2025,65.193027660701
183,MTC,"GCAM_SSP2,date=2022-3-12T23:02:47+06:015",Central America and Caribbean,2030,68.88448499430405
184,MTC,"GCAM_SSP2,date=2022-3-12T23:02:47+06:015",Central America and Caribbean,2035,72.177271984258
185,MTC,"GCAM_SSP2,date=2022-3-12T23:02:47+06:015",Central America and Caribbean,2040,74.84367971683201
186,MTC,"GCAM_SSP2,date=2022-3-12T23:02:47+06:015",Central America and Caribbean,2045,77.62323368598393
187,MTC,"GCAM_SSP2,date=2022-3-12T23:02:47+06:015",Central America and Caribbean,2050,81.25199165792797
188,MTC,"GCAM_SSP2,date=2022-3-12T23:02:47+06:015",Central America and Caribbean,2055,86.25752668415109
189,MTC,"GCAM_SSP2,date=2022-3-12T23:02:47+06:015",Central America and Caribbean,2060,91.60456705993994
190,MTC,"GCAM_SSP2,date=2022-3-12T23:02:47+06:015",Central America and Caribbean,2065,96.43746038733101
191,MTC,"GCAM_SSP2,date=2022-3-12T23:02:47+06:015",Central America and Caribbean,2070,102.05473617204099
192,MTC,"GCAM_SSP2,date=2022-3-12T23:02:47+06:015",Central America and Caribbean,2075,107.378618684007
193,MTC,"GCAM_SSP2,date=2022-3-12T23:02:47+06:015",Central America and Caribbean,2080,111.8153299072255
194,MTC,"GCAM_SSP2,date=2022-3-12T23:02:47+06:015",Central America and Caribbean,2085,116.05570317077778
195,MTC,"GCAM_SSP2,date=2022-3-12T23:02:47+06:015",Central America and Caribbean,2090,119.95534957530295
196,MTC,"GCAM_SSP2,date=2022-3-12T23:02:47+06:015",Central America and Caribbean,2095,123.40901377968088
197,MTC,"GCAM_SSP2,date=2022-3-12T23:02:47+06:015",Central America and Caribbean,2100,126.81738310798178
198,MTC,"GCAM_SSP2,date=2022-3-12T23:02:47+06:015",Central Asia,1975,65.41186863000001
199,MTC,"GCAM_SSP2,date=2022-3-12T23:02:47+06:015",Central Asia,1990,155.64804525999998
200,MTC,"GCAM_SSP2,date=2022-3-12T23:02:47+06:015",Central Asia,2005,107.28493355999997
201,MTC,"GCAM_SSP2,date=2022-3-12T23:02:47+06:015",Central Asia,2010,127.81996801000001
202,MTC,"GCAM_SSP2,date=2022-3-12T23:02:47+06:015",Central Asia,2015,140.43361967599998
203,MTC,"GCAM_SSP2,date=2022-3-12T23:02:47+06:015",Central Asia,2020,164.2549541303677
204,MTC,"GCAM_SSP2,date=2022-3-12T23:02:47+06:015",Central Asia,2025,178.53612611360103
205,MTC,"GCAM_SSP2,date=2022-3-12T23:02:47+06:015",Central Asia,2030,188.0634719244991
206,MTC,"GCAM_SSP2,date=2022-3-12T23:02:47+06:015",Central Asia,2035,192.7693962570164
207,MTC,"GCAM_SSP2,date=2022-3-12T23:02:47+06:015",Central Asia,2040,195.1182981339491
208,MTC,"GCAM_SSP2,date=2022-3-12T23:02:47+06:015",Central Asia,2045,197.2333123761431
209,MTC,"GCAM_SSP2,date=2022-3-12T23:02:47+06:015",Central Asia,2050,196.94889500097008
210,MTC,"GCAM_SSP2,date=2022-3-12T23:02:47+06:015",Central Asia,2055,197.9642763029572
211,MTC,"GCAM_SSP2,date=2022-3-12T23:02:47+06:015",Central Asia,2060,200.32211148682475
212,MTC,"GCAM_SSP2,date=2022-3-12T23:02:47+06:015",Central Asia,2065,200.22516260551805
213,MTC,"GCAM_SSP2,date=2022-3-12T23:02:47+06:015",Central Asia,2070,201.9961714060684
214,MTC,"GCAM_SSP2,date=2022-3-12T23:02:47+06:015",Central Asia,2075,201.84070417430473
215,MTC,"GCAM_SSP2,date=2022-3-12T23:02:47+06:015",Central Asia,2080,197.03441072479853
216,MTC,"GCAM_SSP2,date=2022-3-12T23:02:47+06:015",Central Asia,2085,194.41887466315276
217,MTC,"GCAM_SSP2,date=2022-3-12T23:02:47+06:015",Central Asia,2090,192.39515089671374
218,MTC,"GCAM_SSP2,date=2022-3-12T23:02:47+06:015",Central Asia,2095,191.44034148884768
219,MTC,"GCAM_SSP2,date=2022-3-12T23:02:47+06:015",Central Asia,2100,190.44087311207886
220,MTC,"GCAM_SSP2,date=2022-3-12T23:02:47+06:015",China,1975,193.79699906999997
221,MTC,"GCAM_SSP2,date=2022-3-12T23:02:47+06:015",China,1990,696.4272410687404
222,MTC,"GCAM_SSP2,date=2022-3-12T23:02:47+06:015",China,2005,1819.0502429693001
223,MTC,"GCAM_SSP2,date=2022-3-12T23:02:47+06:015",China,2010,2617.0139551010016
224,MTC,"GCAM_SSP2,date=2022-3-12T23:02:47+06:015",China,2015,2989.4930675319997
225,MTC,"GCAM_SSP2,date=2022-3-12T23:02:47+06:015",China,2020,3537.2782909557004
226,MTC,"GCAM_SSP2,date=2022-3-12T23:02:47+06:015",China,2025,3836.730772574401
227,MTC,"GCAM_SSP2,date=2022-3-12T23:02:47+06:015",China,2030,3962.8225363853353
228,MTC,"GCAM_SSP2,date=2022-3-12T23:02:47+06:015",China,2035,3966.1921252953593
229,MTC,"GCAM_SSP2,date=2022-3-12T23:02:47+06:015",China,2040,3911.200287330229
230,MTC,"GCAM_SSP2,date=2022-3-12T23:02:47+06:015",China,2045,3808.5457760405793
231,MTC,"GCAM_SSP2,date=2022-3-12T23:02:47+06:015",China,2050,3659.903147222638
232,MTC,"GCAM_SSP2,date=2022-3-12T23:02:47+06:015",China,2055,3502.354609589313
233,MTC,"GCAM_SSP2,date=2022-3-12T23:02:47+06:015",China,2060,3351.1291988740827
234,MTC,"GCAM_SSP2,date=2022-3-12T23:02:47+06:015",China,2065,3212.5053072231235
235,MTC,"GCAM_SSP2,date=2022-3-12T23:02:47+06:015",China,2070,3094.4267829779315
236,MTC,"GCAM_SSP2,date=2022-3-12T23:02:47+06:015",China,2075,2948.366460800038
237,MTC,"GCAM_SSP2,date=2022-3-12T23:02:47+06:015",China,2080,2653.604610519856
238,MTC,"GCAM_SSP2,date=2022-3-12T23:02:47+06:015",China,2085,2415.379228966873
239,MTC,"GCAM_SSP2,date=2022-3-12T23:02:47+06:015",China,2090,2227.0153378437185
240,MTC,"GCAM_SSP2,date=2022-3-12T23:02:47+06:015",China,2095,2075.0096850389004
241,MTC,"GCAM_SSP2,date=2022-3-12T23:02:47+06:015",China,2100,1949.0586325526458
242,MTC,"GCAM_SSP2,date=2022-3-12T23:02:47+06:015",Colombia,1975,5.534146939000001
243,MTC,"GCAM_SSP2,date=2022-3-12T23:02:47+06:015",Colombia,1990,15.044656569999997
244,MTC,"GCAM_SSP2,date=2022-3-12T23:02:47+06:015",Colombia,2005,17.603005921999998
245,MTC,"GCAM_SSP2,date=2022-3-12T23:02:47+06:015",Colombia,2010,21.182717822
246,MTC,"GCAM_SSP2,date=2022-3-12T23:02:47+06:015",Colombia,2015,25.521755980000002
247,MTC,"GCAM_SSP2,date=2022-3-12T23:02:47+06:015",Colombia,2020,30.564486452799983
248,MTC,"GCAM_SSP2,date=2022-3-12T23:02:47+06:015",Colombia,2025,33.487254139999976
249,MTC,"GCAM_SSP2,date=2022-3-12T23:02:47+06:015",Colombia,2030,36.604021833299996
250,MTC,"GCAM_SSP2,date=2022-3-12T23:02:47+06:015",Colombia,2035,40.15530751093001
251,MTC,"GCAM_SSP2,date=2022-3-12T23:02:47+06:015",Colombia,2040,44.14449678818001
252,MTC,"GCAM_SSP2,date=2022-3-12T23:02:47+06:015",Colombia,2045,48.01788343268003
253,MTC,"GCAM_SSP2,date=2022-3-12T23:02:47+06:015",Colombia,2050,51.729568533290035
254,MTC,"GCAM_SSP2,date=2022-3-12T23:02:47+06:015",Colombia,2055,56.45033390310999
255,MTC,"GCAM_SSP2,date=2022-3-12T23:02:47+06:015",Colombia,2060,61.84631167071591
256,MTC,"GCAM_SSP2,date=2022-3-12T23:02:47+06:015",Colombia,2065,67.01257442968
257,MTC,"GCAM_SSP2,date=2022-3-12T23:02:47+06:015",Colombia,2070,72.04725500825398
258,MTC,"GCAM_SSP2,date=2022-3-12T23:02:47+06:015",Colombia,2075,76.42632698409442
259,MTC,"GCAM_SSP2,date=2022-3-12T23:02:47+06:015",Colombia,2080,79.45526119739628
260,MTC,"GCAM_SSP2,date=2022-3-12T23:02:47+06:015",Colombia,2085,82.04404270394163
261,MTC,"GCAM_SSP2,date=2022-3-12T23:02:47+06:015",Colombia,2090,83.9834256468072
262,MTC,"GCAM_SSP2,date=2022-3-12T23:02:47+06:015",Colombia,2095,85.38422411192452
263,MTC,"GCAM_SSP2,date=2022-3-12T23:02:47+06:015",Colombia,2100,86.49033848362478
264,MTC,"GCAM_SSP2,date=2022-3-12T23:02:47+06:015",EU-12,1975,132.520753679
265,MTC,"GCAM_SSP2,date=2022-3-12T23:02:47+06:015",EU-12,1990,276.5209111015001
266,MTC,"GCAM_SSP2,date=2022-3-12T23:02:47+06:015",EU-12,2005,207.67787134760002
267,MTC,"GCAM_SSP2,date=2022-3-12T23:02:47+06:015",EU-12,2010,202.8617428727
268,MTC,"GCAM_SSP2,date=2022-3-12T23:02:47+06:015",EU-12,2015,185.3634163595
269,MTC,"GCAM_SSP2,date=2022-3-12T23:02:47+06:015",EU-12,2020,211.8341659594671
270,MTC,"GCAM_SSP2,date=2022-3-12T23:02:47+06:015",EU-12,2025,216.69357486364467
271,MTC,"GCAM_SSP2,date=2022-3-12T23:02:47+06:015",EU-12,2030,219.41378554612857
272,MTC,"GCAM_SSP2,date=2022-3-12T23:02:47+06:015",EU-12,2035,218.41217987203794
273,MTC,"GCAM_SSP2,date=2022-3-12T23:02:47+06:015",EU-12,2040,214.59035451704668
274,MTC,"GCAM_SSP2,date=2022-3-12T23:02:47+06:015",EU-12,2045,211.37535178295624
275,MTC,"GCAM_SSP2,date=2022-3-12T23:02:47+06:015",EU-12,2050,207.67011880075265
276,MTC,"GCAM_SSP2,date=2022-3-12T23:02:47+06:015",EU-12,2055,204.81181501160597
277,MTC,"GCAM_SSP2,date=2022-3-12T23:02:47+06:015",EU-12,2060,202.9993835325175
278,MTC,"GCAM_SSP2,date=2022-3-12T23:02:47+06:015",EU-12,2065,201.38305187686709
279,MTC,"GCAM_SSP2,date=2022-3-12T23:02:47+06:015",EU-12,2070,200.19447808298472
280,MTC,"GCAM_SSP2,date=2022-3-12T23:02:47+06:015",EU-12,2075,197.20878234960767
281,MTC,"GCAM_SSP2,date=2022-3-12T23:02:47+06:015",EU-12,2080,187.37761259477813
282,MTC,"GCAM_SSP2,date=2022-3-12T23:02:47+06:015",EU-12,2085,181.36457970429535
283,MTC,"GCAM_SSP2,date=2022-3-12T23:02:47+06:015",EU-12,2090,175.4022023179134
284,MTC,"GCAM_SSP2,date=2022-3-12T23:02:47+06:015",EU-12,2095,170.194468466821
285,MTC,"GCAM_SSP2,date=2022-3-12T23:02:47+06:015",EU-12,2100,166.1892929550531
286,MTC,"GCAM_SSP2,date=2022-3-12T23:02:47+06:015",EU-15,1975,425.1296358494001
287,MTC,"GCAM_SSP2,date=2022-3-12T23:02:47+06:015",EU-15,1990,915.6105802710001
288,MTC,"GCAM_SSP2,date=2022-3-12T23:02:47+06:015",EU-15,2005,971.893043202
289,MTC,"GCAM_SSP2,date=2022-3-12T23:02:47+06:015",EU-15,2010,882.3383225759998
290,MTC,"GCAM_SSP2,date=2022-3-12T23:02:47+06:015",EU-15,2015,790.2394242290001
291,MTC,"GCAM_SSP2,date=2022-3-12T23:02:47+06:015",EU-15,2020,807.358207272351
292,MTC,"GCAM_SSP2,date=2022-3-12T23:02:47+06:015",EU-15,2025,776.4167061364024
293,MTC,"GCAM_SSP2,date=2022-3-12T23:02:47+06:015",EU-15,2030,754.9304721124788
294,MTC,"GCAM_SSP2,date=2022-3-12T23:02:47+06:015",EU-15,2035,733.5899679627508
295,MTC,"GCAM_SSP2,date=2022-3-12T23:02:47+06:015",EU-15,2040,710.5829500827413
296,MTC,"GCAM_SSP2,date=2022-3-12T23:02:47+06:015",EU-15,2045,707.1723811856276
297,MTC,"GCAM_SSP2,date=2022-3-12T23:02:47+06:015",EU-15,2050,698.1681171408042
298,MTC,"GCAM_SSP2,date=2022-3-12T23:02:47+06:015",EU-15,2055,697.470553611135
299,MTC,"GCAM_SSP2,date=2022-3-12T23:02:47+06:015",EU-15,2060,705.283612290305
300,MTC,"GCAM_SSP2,date=2022-3-12T23:02:47+06:015",EU-15,2065,714.0837849440722
301,MTC,"GCAM_SSP2,date=2022-3-12T23:02:47+06:015",EU-15,2070,728.7275107909193
302,MTC,"GCAM_SSP2,date=2022-3-12T23:02:47+06:015",EU-15,2075,746.7400605544378
303,MTC,"GCAM_SSP2,date=2022-3-12T23:02:47+06:015",EU-15,2080,751.1871099134395
304,MTC,"GCAM_SSP2,date=2022-3-12T23:02:47+06:015",EU-15,2085,762.8081228990932
305,MTC,"GCAM_SSP2,date=2022-3-12T23:02:47+06:015",EU-15,2090,771.409757480034
306,MTC,"GCAM_SSP2,date=2022-3-12T23:02:47+06:015",EU-15,2095,782.1599080835894
307,MTC,"GCAM_SSP2,date=2022-3-12T23:02:47+06:015",EU-15,2100,804.1190705304692
308,MTC,"GCAM_SSP2,date=2022-3-12T23:02:47+06:015",Europe_Eastern,1975,113.10867422000004
309,MTC,"GCAM_SSP2,date=2022-3-12T23:02:47+06:015",Europe_Eastern,1990,237.35772451900002
310,MTC,"GCAM_SSP2,date=2022-3-12T23:02:47+06:015",Europe_Eastern,2005,111.38120683699997
311,MTC,"GCAM_SSP2,date=2022-3-12T23:02:47+06:015",Europe_Eastern,2010,101.92818811580996
312,MTC,"GCAM_SSP2,date=2022-3-12T23:02:47+06:015",Europe_Eastern,2015,77.09299981499998
313,MTC,"GCAM_SSP2,date=2022-3-12T23:02:47+06:015",Europe_Eastern,2020,85.67359874070003
314,MTC,"GCAM_SSP2,date=2022-3-12T23:02:47+06:015",Europe_Eastern,2025,86.96500704824905
315,MTC,"GCAM_SSP2,date=2022-3-12T23:02:47+06:015",Europe_Eastern,2030,87.09081922626002
316,MTC,"GCAM_SSP2,date=2022-3-12T23:02:47+06:015",Europe_Eastern,2035,86.32244057989993
317,MTC,"GCAM_SSP2,date=2022-3-12T23:02:47+06:015",Europe_Eastern,2040,85.67244728730005
318,MTC,"GCAM_SSP2,date=2022-3-12T23:02:47+06:015",Europe_Eastern,2045,85.00110229403998
319,MTC,"GCAM_SSP2,date=2022-3-12T23:02:47+06:015",Europe_Eastern,2050,84.23397634693005
320,MTC,"GCAM_SSP2,date=2022-3-12T23:02:47+06:015",Europe_Eastern,2055,84.03128266108796
321,MTC,"GCAM_SSP2,date=2022-3-12T23:02:47+06:015",Europe_Eastern,2060,84.16058025434303
322,MTC,"GCAM_SSP2,date=2022-3-12T23:02:47+06:015",Europe_Eastern,2065,83.77407225936216
323,MTC,"GCAM_SSP2,date=2022-3-12T23:02:47+06:015",Europe_Eastern,2070,83.77739031710003
324,MTC,"GCAM_SSP2,date=2022-3-12T23:02:47+06:015",Europe_Eastern,2075,82.50078176523763
325,MTC,"GCAM_SSP2,date=2022-3-12T23:02:47+06:015",Europe_Eastern,2080,79.872261317948
326,MTC,"GCAM_SSP2,date=2022-3-12T23:02:47+06:015",Europe_Eastern,2085,78.32825579869545
327,MTC,"GCAM_SSP2,date=2022-3-12T23:02:47+06:015",Europe_Eastern,2090,76.98544951600981
328,MTC,"GCAM_SSP2,date=2022-3-12T23:02:47+06:015",Europe_Eastern,2095,75.95062190069022
329,MTC,"GCAM_SSP2,date=2022-3-12T23:02:47+06:015",Europe_Eastern,2100,74.97261298205069
330,MTC,"GCAM_SSP2,date=2022-3-12T23:02:47+06:015",Europe_Non_EU,1975,18.254716650000002
331,MTC,"GCAM_SSP2,date=2022-3-12T23:02:47+06:015",Europe_Non_EU,1990,74.95729838499999
332,MTC,"GCAM_SSP2,date=2022-3-12T23:02:47+06:015",Europe_Non_EU,2005,98.45753639100003
333,MTC,"GCAM_SSP2,date=2022-3-12T23:02:47+06:015",Europe_Non_EU,2010,114.46375524299998
334,MTC,"GCAM_SSP2,date=2022-3-12T23:02:47+06:015",Europe_Non_EU,2015,129.445094811
335,MTC,"GCAM_SSP2,date=2022-3-12T23:02:47+06:015",Europe_Non_EU,2020,146.15987095062366
336,MTC,"GCAM_SSP2,date=2022-3-12T23:02:47+06:015",Europe_Non_EU,2025,157.69651916649286
337,MTC,"GCAM_SSP2,date=2022-3-12T23:02:47+06:015",Europe_Non_EU,2030,166.16841904109617
338,MTC,"GCAM_SSP2,date=2022-3-12T23:02:47+06:015",Europe_Non_EU,2035,171.64651506398394
339,MTC,"GCAM_SSP2,date=2022-3-12T23:02:47+06:015",Europe_Non_EU,2040,176.14271502964323
340,MTC,"GCAM_SSP2,date=2022-3-12T23:02:47+06:015",Europe_Non_EU,2045,180.91828399651826
341,MTC,"GCAM_SSP2,date=2022-3-12T23:02:47+06:015",Europe_Non_EU,2050,184.18440638233315
342,MTC,"GCAM_SSP2,date=2022-3-12T23:02:47+06:015",Europe_Non_EU,2055,188.1233053611788
343,MTC,"GCAM_SSP2,date=2022-3-12T23:02:47+06:015",Europe_Non_EU,2060,192.54442075578316
344,MTC,"GCAM_SSP2,date=2022-3-12T23:02:47+06:015",Europe_Non_EU,2065,196.78034460803073
345,MTC,"GCAM_SSP2,date=2022-3-12T23:02:47+06:015",Europe_Non_EU,2070,201.07349350679718
346,MTC,"GCAM_SSP2,date=2022-3-12T23:02:47+06:015",Europe_Non_EU,2075,203.99759868119256
347,MTC,"GCAM_SSP2,date=2022-3-12T23:02:47+06:015",Europe_Non_EU,2080,202.62482686218047
348,MTC,"GCAM_SSP2,date=2022-3-12T23:02:47+06:015",Europe_Non_EU,2085,202.05324117412908
349,MTC,"GCAM_SSP2,date=2022-3-12T23:02:47+06:015",Europe_Non_EU,2090,200.7641260530082
350,MTC,"GCAM_SSP2,date=2022-3-12T23:02:47+06:015",Europe_Non_EU,2095,199.8207296342605
351,MTC,"GCAM_SSP2,date=2022-3-12T23:02:47+06:015",Europe_Non_EU,2100,198.91773221074374
352,MTC,"GCAM_SSP2,date=2022-3-12T23:02:47+06:015",European Free Trade Association,1975,11.34064293
353,MTC,"GCAM_SSP2,date=2022-3-12T23:02:47+06:015",European Free Trade Association,1990,20.969938937369996
354,MTC,"GCAM_SSP2,date=2022-3-12T23:02:47+06:015",European Free Trade Association,2005,23.87298620009999
355,MTC,"GCAM_SSP2,date=2022-3-12T23:02:47+06:015",European Free Trade Association,2010,24.153009280300004
356,MTC,"GCAM_SSP2,date=2022-3-12T23:02:47+06:015",European Free Trade Association,2015,22.309953931799996
357,MTC,"GCAM_SSP2,date=2022-3-12T23:02:47+06:015",European Free Trade Association,2020,22.702119353399993
358,MTC,"GCAM_SSP2,date=2022-3-12T23:02:47+06:015",European Free Trade Association,2025,21.275948807070005
359,MTC,"GCAM_SSP2,date=2022-3-12T23:02:47+06:015",European Free Trade Association,2030,20.165025072469223
360,MTC,"GCAM_SSP2,date=2022-3-12T23:02:47+06:015",European Free Trade Association,2035,18.82867243065011
361,MTC,"GCAM_SSP2,date=2022-3-12T23:02:47+06:015",European Free Trade Association,2040,17.35199412119097
362,MTC,"GCAM_SSP2,date=2022-3-12T23:02:47+06:015",European Free Trade Association,2045,18.041176466380378
363,MTC,"GCAM_SSP2,date=2022-3-12T23:02:47+06:015",European Free Trade Association,2050,19.02650173833318
364,MTC,"GCAM_SSP2,date=2022-3-12T23:02:47+06:015",European Free Trade Association,2055,20.49583912226483
365,MTC,"GCAM_SSP2,date=2022-3-12T23:02:47+06:015",European Free Trade Association,2060,22.303661033854105
366,MTC,"GCAM_SSP2,date=2022-3-12T23:02:47+06:015",European Free Trade Association,2065,24.191802637080357
367,MTC,"GCAM_SSP2,date=2022-3-12T23:02:47+06:015",European Free Trade Association,2070,26.3070877225069
368,MTC,"GCAM_SSP2,date=2022-3-12T23:02:47+06:015",European Free Trade Association,2075,28.693548403398985
369,MTC,"GCAM_SSP2,date=2022-3-12T23:02:47+06:015",European Free Trade Association,2080,30.90686567805477
370,MTC,"GCAM_SSP2,date=2022-3-12T23:02:47+06:015",European Free Trade Association,2085,32.73709256710282
371,MTC,"GCAM_SSP2,date=2022-3-12T23:02:47+06:015",European Free Trade Association,2090,34.41375975873835
372,MTC,"GCAM_SSP2,date=2022-3-12T23:02:47+06:015",European Free Trade Association,2095,36.10313821368903
373,MTC,"GCAM_SSP2,date=2022-3-12T23:02:47+06:015",European Free Trade Association,2100,38.60889136362475
374,MTC,"GCAM_SSP2,date=2022-3-12T23:02:47+06:015",India,1975,35.19291179999999
375,MTC,"GCAM_SSP2,date=2022-3-12T23:02:47+06:015",India,1990,162.91283410716002
376,MTC,"GCAM_SSP2,date=2022-3-12T23:02:47+06:015",India,2005,336.1579527333001
377,MTC,"GCAM_SSP2,date=2022-3-12T23:02:47+06:015",India,2010,493.3315143310001
378,MTC,"GCAM_SSP2,date=2022-3-12T23:02:47+06:015",India,2015,625.0477512699999
379,MTC,"GCAM_SSP2,date=2022-3-12T23:02:47+06:015",India,2020,842.7602295861928
380,MTC,"GCAM_SSP2,date=2022-3-12T23:02:47+06:015",India,2025,1023.4445960023666
381,MTC,"GCAM_SSP2,date=2022-3-12T23:02:47+06:015",India,2030,1196.3941162362605
382,MTC,"GCAM_SSP2,date=2022-3-12T23:02:47+06:015",India,2035,1366.1847648667422
383,MTC,"GCAM_SSP2,date=2022-3-12T23:02:47+06:015",India,2040,1525.3212301807866
384,MTC,"GCAM_SSP2,date=2022-3-12T23:02:47+06:015",India,2045,1679.8983506884222
385,MTC,"GCAM_SSP2,date=2022-3-12T23:02:47+06:015",India,2050,1825.613224010644
386,MTC,"GCAM_SSP2,date=2022-3-12T23:02:47+06:015",India,2055,1969.591830848199
387,MTC,"GCAM_SSP2,date=2022-3-12T23:02:47+06:015",India,2060,2110.2966094091353
388,MTC,"GCAM_SSP2,date=2022-3-12T23:02:47+06:015",India,2065,2238.0046734612974
389,MTC,"GCAM_SSP2,date=2022-3-12T23:02:47+06:015",India,2070,2349.7487887146153
390,MTC,"GCAM_SSP2,date=2022-3-12T23:02:47+06:015",India,2075,2429.7092878475737
391,MTC,"GCAM_SSP2,date=2022-3-12T23:02:47+06:015",India,2080,2427.0021182688292
392,MTC,"GCAM_SSP2,date=2022-3-12T23:02:47+06:015",India,2085,2420.3299677044192
393,MTC,"GCAM_SSP2,date=2022-3-12T23:02:47+06:015",India,2090,2396.70382280374
394,MTC,"GCAM_SSP2,date=2022-3-12T23:02:47+06:015",India,2095,2358.2657935266275
395,MTC,"GCAM_SSP2,date=2022-3-12T23:02:47+06:015",India,2100,2319.7460060120707
396,MTC,"GCAM_SSP2,date=2022-3-12T23:02:47+06:015",Indonesia,1975,5.630788557999998
397,MTC,"GCAM_SSP2,date=2022-3-12T23:02:47+06:015",Indonesia,1990,42.3893561737
398,MTC,"GCAM_SSP2,date=2022-3-12T23:02:47+06:015",Indonesia,2005,97.728268478
399,MTC,"GCAM_SSP2,date=2022-3-12T23:02:47+06:015",Indonesia,2010,110.07489154899999
400,MTC,"GCAM_SSP2,date=2022-3-12T23:02:47+06:015",Indonesia,2015,137.49429647000008
401,MTC,"GCAM_SSP2,date=2022-3-12T23:02:47+06:015",Indonesia,2020,173.22584116867526
402,MTC,"GCAM_SSP2,date=2022-3-12T23:02:47+06:015",Indonesia,2025,209.78068482742287
403,MTC,"GCAM_SSP2,date=2022-3-12T23:02:47+06:015",Indonesia,2030,244.88149590660245
404,MTC,"GCAM_SSP2,date=2022-3-12T23:02:47+06:015",Indonesia,2035,275.9799436652105
405,MTC,"GCAM_SSP2,date=2022-3-12T23:02:47+06:015",Indonesia,2040,303.4803928341993
406,MTC,"GCAM_SSP2,date=2022-3-12T23:02:47+06:015",Indonesia,2045,327.59693593565385
407,MTC,"GCAM_SSP2,date=2022-3-12T23:02:47+06:015",Indonesia,2050,347.38858489225873
408,MTC,"GCAM_SSP2,date=2022-3-12T23:02:47+06:015",Indonesia,2055,366.86061465646475
409,MTC,"GCAM_SSP2,date=2022-3-12T23:02:47+06:015",Indonesia,2060,385.54385982420143
410,MTC,"GCAM_SSP2,date=2022-3-12T23:02:47+06:015",Indonesia,2065,400.4427965732625
411,MTC,"GCAM_SSP2,date=2022-3-12T23:02:47+06:015",Indonesia,2070,413.14909203304006
412,MTC,"GCAM_SSP2,date=2022-3-12T23:02:47+06:015",Indonesia,2075,422.06356171273063
413,MTC,"GCAM_SSP2,date=2022-3-12T23:02:47+06:015",Indonesia,2080,420.7304803383864
414,MTC,"GCAM_SSP2,date=2022-3-12T23:02:47+06:015",Indonesia,2085,419.12752552666797
415,MTC,"GCAM_SSP2,date=2022-3-12T23:02:47+06:015",Indonesia,2090,415.3125480493
416,MTC,"GCAM_SSP2,date=2022-3-12T23:02:47+06:015",Indonesia,2095,409.8796161094437
417,MTC,"GCAM_SSP2,date=2022-3-12T23:02:47+06:015",Indonesia,2100,403.2701920411654
418,MTC,"GCAM_SSP2,date=2022-3-12T23:02:47+06:015",Japan,1975,142.91098989999995
419,MTC,"GCAM_SSP2,date=2022-3-12T23:02:47+06:015",Japan,1990,311.6955046600001
420,MTC,"GCAM_SSP2,date=2022-3-12T23:02:47+06:015",Japan,2005,347.4753730419
421,MTC,"GCAM_SSP2,date=2022-3-12T23:02:47+06:015",Japan,2010,325.235101664
422,MTC,"GCAM_SSP2,date=2022-3-12T23:02:47+06:015",Japan,2015,328.69562359300005
423,MTC,"GCAM_SSP2,date=2022-3-12T23:02:47+06:015",Japan,2020,334.16866838809995
424,MTC,"GCAM_SSP2,date=2022-3-12T23:02:47+06:015",Japan,2025,326.61388560510005
425,MTC,"GCAM_SSP2,date=2022-3-12T23:02:47+06:015",Japan,2030,313.2380318686
426,MTC,"GCAM_SSP2,date=2022-3-12T23:02:47+06:015",Japan,2035,296.77742236479975
427,MTC,"GCAM_SSP2,date=2022-3-12T23:02:47+06:015",Japan,2040,280.26709045750016
428,MTC,"GCAM_SSP2,date=2022-3-12T23:02:47+06:015",Japan,2045,265.4567726558403
429,MTC,"GCAM_SSP2,date=2022-3-12T23:02:47+06:015",Japan,2050,251.62768234692984
430,MTC,"GCAM_SSP2,date=2022-3-12T23:02:47+06:015",Japan,2055,240.16197688489424
431,MTC,"GCAM_SSP2,date=2022-3-12T23:02:47+06:015",Japan,2060,229.48877076085407
432,MTC,"GCAM_SSP2,date=2022-3-12T23:02:47+06:015",Japan,2065,219.28247087171604
433,MTC,"GCAM_SSP2,date=2022-3-12T23:02:47+06:015",Japan,2070,211.98467542006094
434,MTC,"GCAM_SSP2,date=2022-3-12T23:02:47+06:015",Japan,2075,203.778470551465
435,MTC,"GCAM_SSP2,date=2022-3-12T23:02:47+06:015",Japan,2080,188.19134962300427
436,MTC,"GCAM_SSP2,date=2022-3-12T23:02:47+06:015",Japan,2085,180.22215679349014
437,MTC,"GCAM_SSP2,date=2022-3-12T23:02:47+06:015",Japan,2090,172.70527538231823
438,MTC,"GCAM_SSP2,date=2022-3-12T23:02:47+06:015",Japan,2095,166.25666227123082
439,MTC,"GCAM_SSP2,date=2022-3-12T23:02:47+06:015",Japan,2100,159.2378918699513
440,MTC,"GCAM_SSP2,date=2022-3-12T23:02:47+06:015",Mexico,1975,22.019720111999998
441,MTC,"GCAM_SSP2,date=2022-3-12T23:02:47+06:015",Mexico,1990,81.38017945000003
442,MTC,"GCAM_SSP2,date=2022-3-12T23:02:47+06:015",Mexico,2005,126.03831229000001
443,MTC,"GCAM_SSP2,date=2022-3-12T23:02:47+06:015",Mexico,2010,132.98011812299998
444,MTC,"GCAM_SSP2,date=2022-3-12T23:02:47+06:015",Mexico,2015,134.69508958999998
445,MTC,"GCAM_SSP2,date=2022-3-12T23:02:47+06:015",Mexico,2020,147.3495253913
446,MTC,"GCAM_SSP2,date=2022-3-12T23:02:47+06:015",Mexico,2025,158.74967637499975
447,MTC,"GCAM_SSP2,date=2022-3-12T23:02:47+06:015",Mexico,2030,169.05645437600003
448,MTC,"GCAM_SSP2,date=2022-3-12T23:02:47+06:015",Mexico,2035,177.36268337219983
449,MTC,"GCAM_SSP2,date=2022-3-12T23:02:47+06:015",Mexico,2040,183.86154737860016
450,MTC,"GCAM_SSP2,date=2022-3-12T23:02:47+06:015",Mexico,2045,190.82775949377998
451,MTC,"GCAM_SSP2,date=2022-3-12T23:02:47+06:015",Mexico,2050,200.07708984299003
452,MTC,"GCAM_SSP2,date=2022-3-12T23:02:47+06:015",Mexico,2055,212.1022067120499
453,MTC,"GCAM_SSP2,date=2022-3-12T23:02:47+06:015",Mexico,2060,224.33046298989103
454,MTC,"GCAM_SSP2,date=2022-3-12T23:02:47+06:015",Mexico,2065,235.95693490377602
455,MTC,"GCAM_SSP2,date=2022-3-12T23:02:47+06:015",Mexico,2070,247.95722997110002
456,MTC,"GCAM_SSP2,date=2022-3-12T23:02:47+06:015",Mexico,2075,259.41714492304004
457,MTC,"GCAM_SSP2,date=2022-3-12T23:02:47+06:015",Mexico,2080,268.633253481863
458,MTC,"GCAM_SSP2,date=2022-3-12T23:02:47+06:015",Mexico,2085,276.5861033981406
459,MTC,"GCAM_SSP2,date=2022-3-12T23:02:47+06:015",Mexico,2090,283.63106871259737
460,MTC,"GCAM_SSP2,date=2022-3-12T23:02:47+06:015",Mexico,2095,290.49858078430674
461,MTC,"GCAM_SSP2,date=2022-3-12T23:02:47+06:015",Mexico,2100,297.9548421750921
462,MTC,"GCAM_SSP2,date=2022-3-12T23:02:47+06:015",Middle East,1975,35.6032382
463,MTC,"GCAM_SSP2,date=2022-3-12T23:02:47+06:015",Middle East,1990,185.47899714
464,MTC,"GCAM_SSP2,date=2022-3-12T23:02:47+06:015",Middle East,2005,369.09562920600007
465,MTC,"GCAM_SSP2,date=2022-3-12T23:02:47+06:015",Middle East,2010,485.7109136869999
466,MTC,"GCAM_SSP2,date=2022-3-12T23:02:47+06:015",Middle East,2015,567.5665525110002
467,MTC,"GCAM_SSP2,date=2022-3-12T23:02:47+06:015",Middle East,2020,598.0924853959999
468,MTC,"GCAM_SSP2,date=2022-3-12T23:02:47+06:015",Middle East,2025,638.3366545621652
469,MTC,"GCAM_SSP2,date=2022-3-12T23:02:47+06:015",Middle East,2030,679.0229487270365
470,MTC,"GCAM_SSP2,date=2022-3-12T23:02:47+06:015",Middle East,2035,714.3349663036958
471,MTC,"GCAM_SSP2,date=2022-3-12T23:02:47+06:015",Middle East,2040,744.1407867796447
472,MTC,"GCAM_SSP2,date=2022-3-12T23:02:47+06:015",Middle East,2045,774.7810792985948
473,MTC,"GCAM_SSP2,date=2022-3-12T23:02:47+06:015",Middle East,2050,811.9005503962709
474,MTC,"GCAM_SSP2,date=2022-3-12T23:02:47+06:015",Middle East,2055,859.0202314207695
475,MTC,"GCAM_SSP2,date=2022-3-12T23:02:47+06:015",Middle East,2060,911.5489824567901
476,MTC,"GCAM_SSP2,date=2022-3-12T23:02:47+06:015",Middle East,2065,970.2193538199544
477,MTC,"GCAM_SSP2,date=2022-3-12T23:02:47+06:015",Middle East,2070,1038.2669183138523
478,MTC,"GCAM_SSP2,date=2022-3-12T23:02:47+06:015",Middle East,2075,1098.8225613539787
479,MTC,"GCAM_SSP2,date=2022-3-12T23:02:47+06:015",Middle East,2080,1146.4433145409673
480,MTC,"GCAM_SSP2,date=2022-3-12T23:02:47+06:015",Middle East,2085,1183.2350072250188
481,MTC,"GCAM_SSP2,date=2022-3-12T23:02:47+06:015",Middle East,2090,1213.354135796323
482,MTC,"GCAM_SSP2,date=2022-3-12T23:02:47+06:015",Middle East,2095,1240.8019863847608
483,MTC,"GCAM_SSP2,date=2022-3-12T23:02:47+06:015",Middle East,2100,1270.7430082122255
484,MTC,"GCAM_SSP2,date=2022-3-12T23:02:47+06:015",Pakistan,1975,3.7024089929999997
485,MTC,"GCAM_SSP2,date=2022-3-12T23:02:47+06:015",Pakistan,1990,17.849544348000002
486,MTC,"GCAM_SSP2,date=2022-3-12T23:02:47+06:015",Pakistan,2005,35.45604977
487,MTC,"GCAM_SSP2,date=2022-3-12T23:02:47+06:015",Pakistan,2010,42.28607361000001
488,MTC,"GCAM_SSP2,date=2022-3-12T23:02:47+06:015",Pakistan,2015,48.47652433532001
489,MTC,"GCAM_SSP2,date=2022-3-12T23:02:47+06:015",Pakistan,2020,54.965555289655974
490,MTC,"GCAM_SSP2,date=2022-3-12T23:02:47+06:015",Pakistan,2025,64.7780052005817
491,MTC,"GCAM_SSP2,date=2022-3-12T23:02:47+06:015",Pakistan,2030,75.75611379929093
492,MTC,"GCAM_SSP2,date=2022-3-12T23:02:47+06:015",Pakistan,2035,87.83222357787791
493,MTC,"GCAM_SSP2,date=2022-3-12T23:02:47+06:015",Pakistan,2040,105.35449331468199
494,MTC,"GCAM_SSP2,date=2022-3-12T23:02:47+06:015",Pakistan,2045,121.279845006659
495,MTC,"GCAM_SSP2,date=2022-3-12T23:02:47+06:015",Pakistan,2050,135.8303333290954
496,MTC,"GCAM_SSP2,date=2022-3-12T23:02:47+06:015",Pakistan,2055,151.49395967122177
497,MTC,"GCAM_SSP2,date=2022-3-12T23:02:47+06:015",Pakistan,2060,170.38812180520213
498,MTC,"GCAM_SSP2,date=2022-3-12T23:02:47+06:015",Pakistan,2065,188.42362814138806
499,MTC,"GCAM_SSP2,date=2022-3-12T23:02:47+06:015",Pakistan,2070,206.70603534408653
500,MTC,"GCAM_SSP2,date=2022-3-12T23:02:47+06:015",Pakistan,2075,223.28507660073157
501,MTC,"GCAM_SSP2,date=2022-3-12T23:02:47+06:015",Pakistan,2080,238.10486659733462
502,MTC,"GCAM_SSP2,date=2022-3-12T23:02:47+06:015",Pakistan,2085,249.987010338425
503,MTC,"GCAM_SSP2,date=2022-3-12T23:02:47+06:015",Pakistan,2090,262.3652003093937
504,MTC,"GCAM_SSP2,date=2022-3-12T23:02:47+06:015",Pakistan,2095,275.45644674622326
505,MTC,"GCAM_SSP2,date=2022-3-12T23:02:47+06:015",Pakistan,2100,288.7877838596378
506,MTC,"GCAM_SSP2,date=2022-3-12T23:02:47+06:015",Russia,1975,267.05704057
507,MTC,"GCAM_SSP2,date=2022-3-12T23:02:47+06:015",Russia,1990,673.7592318999997
508,MTC,"GCAM_SSP2,date=2022-3-12T23:02:47+06:015",Russia,2005,451.8201721129999
509,MTC,"GCAM_SSP2,date=2022-3-12T23:02:47+06:015",Russia,2010,467.70411544399997
510,MTC,"GCAM_SSP2,date=2022-3-12T23:02:47+06:015",Russia,2015,471.2195496899997
511,MTC,"GCAM_SSP2,date=2022-3-12T23:02:47+06:015",Russia,2020,535.0878414020001
512,MTC,"GCAM_SSP2,date=2022-3-12T23:02:47+06:015",Russia,2025,540.1898203569996
513,MTC,"GCAM_SSP2,date=2022-3-12T23:02:47+06:015",Russia,2030,536.5066816325445
514,MTC,"GCAM_SSP2,date=2022-3-12T23:02:47+06:015",Russia,2035,524.9057533295793
515,MTC,"GCAM_SSP2,date=2022-3-12T23:02:47+06:015",Russia,2040,512.3158745834603
516,MTC,"GCAM_SSP2,date=2022-3-12T23:02:47+06:015",Russia,2045,499.7630618091337
517,MTC,"GCAM_SSP2,date=2022-3-12T23:02:47+06:015",Russia,2050,487.6135651238727
518,MTC,"GCAM_SSP2,date=2022-3-12T23:02:47+06:015",Russia,2055,479.9410738112478
519,MTC,"GCAM_SSP2,date=2022-3-12T23:02:47+06:015",Russia,2060,477.06498054444296
520,MTC,"GCAM_SSP2,date=2022-3-12T23:02:47+06:015",Russia,2065,470.98019514908975
521,MTC,"GCAM_SSP2,date=2022-3-12T23:02:47+06:015",Russia,2070,476.2232422070146
522,MTC,"GCAM_SSP2,date=2022-3-12T23:02:47+06:015",Russia,2075,480.1847795731898
523,MTC,"GCAM_SSP2,date=2022-3-12T23:02:47+06:015",Russia,2080,477.9186240938577
524,MTC,"GCAM_SSP2,date=2022-3-12T23:02:47+06:015",Russia,2085,475.8483776006648
525,MTC,"GCAM_SSP2,date=2022-3-12T23:02:47+06:015",Russia,2090,474.86340682121767
526,MTC,"GCAM_SSP2,date=2022-3-12T23:02:47+06:015",Russia,2095,474.9569131624969
527,MTC,"GCAM_SSP2,date=2022-3-12T23:02:47+06:015",Russia,2100,474.7729603441791
528,MTC,"GCAM_SSP2,date=2022-3-12T23:02:47+06:015",South Africa,1975,27.771397999999994
529,MTC,"GCAM_SSP2,date=2022-3-12T23:02:47+06:015",South Africa,1990,94.92331996
530,MTC,"GCAM_SSP2,date=2022-3-12T23:02:47+06:015",South Africa,2005,123.94225391000003
531,MTC,"GCAM_SSP2,date=2022-3-12T23:02:47+06:015",South Africa,2010,136.33075788
532,MTC,"GCAM_SSP2,date=2022-3-12T23:02:47+06:015",South Africa,2015,135.69813421500004
533,MTC,"GCAM_SSP2,date=2022-3-12T23:02:47+06:015",South Africa,2020,150.5955534746998
534,MTC,"GCAM_SSP2,date=2022-3-12T23:02:47+06:015",South Africa,2025,163.1339398322385
535,MTC,"GCAM_SSP2,date=2022-3-12T23:02:47+06:015",South Africa,2030,172.00574840577735
536,MTC,"GCAM_SSP2,date=2022-3-12T23:02:47+06:015",South Africa,2035,176.41291956771076
537,MTC,"GCAM_SSP2,date=2022-3-12T23:02:47+06:015",South Africa,2040,178.454273557955
538,MTC,"GCAM_SSP2,date=2022-3-12T23:02:47+06:015",South Africa,2045,179.3107460256417
539,MTC,"GCAM_SSP2,date=2022-3-12T23:02:47+06:015",South Africa,2050,180.14218054112652
540,MTC,"GCAM_SSP2,date=2022-3-12T23:02:47+06:015",South Africa,2055,181.91167739990675
541,MTC,"GCAM_SSP2,date=2022-3-12T23:02:47+06:015",South Africa,2060,184.8863365330538
542,MTC,"GCAM_SSP2,date=2022-3-12T23:02:47+06:015",South Africa,2065,188.28393920301977
543,MTC,"GCAM_SSP2,date=2022-3-12T23:02:47+06:015",South Africa,2070,191.5605979053611
544,MTC,"GCAM_SSP2,date=2022-3-12T23:02:47+06:015",South Africa,2075,191.91190138119654
545,MTC,"GCAM_SSP2,date=2022-3-12T23:02:47+06:015",South Africa,2080,185.75225295430621
546,MTC,"GCAM_SSP2,date=2022-3-12T23:02:47+06:015",South Africa,2085,181.60565332684533
547,MTC,"GCAM_SSP2,date=2022-3-12T23:02:47+06:015",South Africa,2090,176.83827317998998
548,MTC,"GCAM_SSP2,date=2022-3-12T23:02:47+06:015",South Africa,2095,171.48268727564673
549,MTC,"GCAM_SSP2,date=2022-3-12T23:02:47+06:015",South Africa,2100,164.97267497034207
550,MTC,"GCAM_SSP2,date=2022-3-12T23:02:47+06:015",South America_Northern,1975,9.7481497731868
551,MTC,"GCAM_SSP2,date=2022-3-12T23:02:47+06:015",South America_Northern,1990,28.869340464399993
552,MTC,"GCAM_SSP2,date=2022-3-12T23:02:47+06:015",South America_Northern,2005,43.84887895372
553,MTC,"GCAM_SSP2,date=2022-3-12T23:02:47+06:015",South America_Northern,2010,56.132921242600005
554,MTC,"GCAM_SSP2,date=2022-3-12T23:02:47+06:015",South America_Northern,2015,45.85406035469997
555,MTC,"GCAM_SSP2,date=2022-3-12T23:02:47+06:015",South America_Northern,2020,58.02921219122638
556,MTC,"GCAM_SSP2,date=2022-3-12T23:02:47+06:015",South America_Northern,2025,65.66474307747447
557,MTC,"GCAM_SSP2,date=2022-3-12T23:02:47+06:015",South America_Northern,2030,73.48149307676718
558,MTC,"GCAM_SSP2,date=2022-3-12T23:02:47+06:015",South America_Northern,2035,78.84064559034911
559,MTC,"GCAM_SSP2,date=2022-3-12T23:02:47+06:015",South America_Northern,2040,83.97539070330251
560,MTC,"GCAM_SSP2,date=2022-3-12T23:02:47+06:015",South America_Northern,2045,88.39737888044854
561,MTC,"GCAM_SSP2,date=2022-3-12T23:02:47+06:015",South America_Northern,2050,91.79256695669758
562,MTC,"GCAM_SSP2,date=2022-3-12T23:02:47+06:015",South America_Northern,2055,94.69961017314846
563,MTC,"GCAM_SSP2,date=2022-3-12T23:02:47+06:015",South America_Northern,2060,98.49892553025752
564,MTC,"GCAM_SSP2,date=2022-3-12T23:02:47+06:015",South America_Northern,2065,101.87334178271095
565,MTC,"GCAM_SSP2,date=2022-3-12T23:02:47+06:015",South America_Northern,2070,105.47991970858943
566,MTC,"GCAM_SSP2,date=2022-3-12T23:02:47+06:015",South America_Northern,2075,108.64980139780567
567,MTC,"GCAM_SSP2,date=2022-3-12T23:02:47+06:015",South America_Northern,2080,111.03501805815657
568,MTC,"GCAM_SSP2,date=2022-3-12T23:02:47+06:015",South America_Northern,2085,112.83642796107988
569,MTC,"GCAM_SSP2,date=2022-3-12T23:02:47+06:015",South America_Northern,2090,114.19296174886871
570,MTC,"GCAM_SSP2,date=2022-3-12T23:02:47+06:015",South America_Northern,2095,115.05885624892207
571,MTC,"GCAM_SSP2,date=2022-3-12T23:02:47+06:015",South America_Northern,2100,115.83168032254643
572,MTC,"GCAM_SSP2,date=2022-3-12T23:02:47+06:015",South America_Southern,1975,8.508184179999997
573,MTC,"GCAM_SSP2,date=2022-3-12T23:02:47+06:015",South America_Southern,1990,22.625942425999984
574,MTC,"GCAM_SSP2,date=2022-3-12T23:02:47+06:015",South America_Southern,2005,39.51866137
575,MTC,"GCAM_SSP2,date=2022-3-12T23:02:47+06:015",South America_Southern,2010,52.95040856000001
576,MTC,"GCAM_SSP2,date=2022-3-12T23:02:47+06:015",South America_Southern,2015,60.85091291199999
577,MTC,"GCAM_SSP2,date=2022-3-12T23:02:47+06:015",South America_Southern,2020,72.34880066500004
578,MTC,"GCAM_SSP2,date=2022-3-12T23:02:47+06:015",South America_Southern,2025,81.453814319
579,MTC,"GCAM_SSP2,date=2022-3-12T23:02:47+06:015",South America_Southern,2030,89.62626463699999
580,MTC,"GCAM_SSP2,date=2022-3-12T23:02:47+06:015",South America_Southern,2035,97.42043884859993
581,MTC,"GCAM_SSP2,date=2022-3-12T23:02:47+06:015",South America_Southern,2040,104.87943111800004
582,MTC,"GCAM_SSP2,date=2022-3-12T23:02:47+06:015",South America_Southern,2045,112.3906309969
583,MTC,"GCAM_SSP2,date=2022-3-12T23:02:47+06:015",South America_Southern,2050,119.67139052769996
584,MTC,"GCAM_SSP2,date=2022-3-12T23:02:47+06:015",South America_Southern,2055,128.36790922912007
585,MTC,"GCAM_SSP2,date=2022-3-12T23:02:47+06:015",South America_Southern,2060,137.38475691273004
586,MTC,"GCAM_SSP2,date=2022-3-12T23:02:47+06:015",South America_Southern,2065,145.324575298329
587,MTC,"GCAM_SSP2,date=2022-3-12T23:02:47+06:015",South America_Southern,2070,152.83087823716116
588,MTC,"GCAM_SSP2,date=2022-3-12T23:02:47+06:015",South America_Southern,2075,159.0924145629605
589,MTC,"GCAM_SSP2,date=2022-3-12T23:02:47+06:015",South America_Southern,2080,161.94312590970227
590,MTC,"GCAM_SSP2,date=2022-3-12T23:02:47+06:015",South America_Southern,2085,164.4472831199555
591,MTC,"GCAM_SSP2,date=2022-3-12T23:02:47+06:015",South America_Southern,2090,166.05052941612556
592,MTC,"GCAM_SSP2,date=2022-3-12T23:02:47+06:015",South America_Southern,2095,167.37123576129696
593,MTC,"GCAM_SSP2,date=2022-3-12T23:02:47+06:015",South America_Southern,2100,168.8794004928875
594,MTC,"GCAM_SSP2,date=2022-3-12T23:02:47+06:015",South Asia,1975,2.818297747
595,MTC,"GCAM_SSP2,date=2022-3-12T23:02:47+06:015",South Asia,1990,7.258217059100001
596,MTC,"GCAM_SSP2,date=2022-3-12T23:02:47+06:015",South Asia,2005,18.836792769999995
597,MTC,"GCAM_SSP2,date=2022-3-12T23:02:47+06:015",South Asia,2010,24.707623981999998
598,MTC,"GCAM_SSP2,date=2022-3-12T23:02:47+06:015",South Asia,2015,36.469101552
599,MTC,"GCAM_SSP2,date=2022-3-12T23:02:47+06:015",South Asia,2020,48.3014363602
600,MTC,"GCAM_SSP2,date=2022-3-12T23:02:47+06:015",South Asia,2025,59.54942741789999
601,MTC,"GCAM_SSP2,date=2022-3-12T23:02:47+06:015",South Asia,2030,71.14510908810999
602,MTC,"GCAM_SSP2,date=2022-3-12T23:02:47+06:015",South Asia,2035,82.34117418680995
603,MTC,"GCAM_SSP2,date=2022-3-12T23:02:47+06:015",South Asia,2040,95.67797563654999
604,MTC,"GCAM_SSP2,date=2022-3-12T23:02:47+06:015",South Asia,2045,111.36827007799994
605,MTC,"GCAM_SSP2,date=2022-3-12T23:02:47+06:015",South Asia,2050,129.11417086391
606,MTC,"GCAM_SSP2,date=2022-3-12T23:02:47+06:015",South Asia,2055,149.26523970810004
607,MTC,"GCAM_SSP2,date=2022-3-12T23:02:47+06:015",South Asia,2060,171.0027546063401
608,MTC,"GCAM_SSP2,date=2022-3-12T23:02:47+06:015",South Asia,2065,191.57375115954974
609,MTC,"GCAM_SSP2,date=2022-3-12T23:02:47+06:015",South Asia,2070,211.51890954258187
610,MTC,"GCAM_SSP2,date=2022-3-12T23:02:47+06:015",South Asia,2075,231.3009517196001
611,MTC,"GCAM_SSP2,date=2022-3-12T23:02:47+06:015",South Asia,2080,249.0135436376299
612,MTC,"GCAM_SSP2,date=2022-3-12T23:02:47+06:015",South Asia,2085,266.28864132469994
613,MTC,"GCAM_SSP2,date=2022-3-12T23:02:47+06:015",South Asia,2090,283.2070080216
614,MTC,"GCAM_SSP2,date=2022-3-12T23:02:47+06:015",South Asia,2095,300.22527697160024
615,MTC,"GCAM_SSP2,date=2022-3-12T23:02:47+06:015",South Asia,2100,318.94225527160006
616,MTC,"GCAM_SSP2,date=2022-3-12T23:02:47+06:015",South Korea,1975,10.175387420000002
617,MTC,"GCAM_SSP2,date=2022-3-12T23:02:47+06:015",South Korea,1990,72.64845978145199
618,MTC,"GCAM_SSP2,date=2022-3-12T23:02:47+06:015",South Korea,2005,144.68266816450006
619,MTC,"GCAM_SSP2,date=2022-3-12T23:02:47+06:015",South Korea,2010,169.7976570049999
620,MTC,"GCAM_SSP2,date=2022-3-12T23:02:47+06:015",South Korea,2015,181.47480568029994
621,MTC,"GCAM_SSP2,date=2022-3-12T23:02:47+06:015",South Korea,2020,187.44487214850008
622,MTC,"GCAM_SSP2,date=2022-3-12T23:02:47+06:015",South Korea,2025,187.65831155090004
623,MTC,"GCAM_SSP2,date=2022-3-12T23:02:47+06:015",South Korea,2030,185.00094808360006
624,MTC,"GCAM_SSP2,date=2022-3-12T23:02:47+06:015",South Korea,2035,177.7247972380001
625,MTC,"GCAM_SSP2,date=2022-3-12T23:02:47+06:015",South Korea,2040,167.59728297069998
626,MTC,"GCAM_SSP2,date=2022-3-12T23:02:47+06:015",South Korea,2045,155.58870467309993
627,MTC,"GCAM_SSP2,date=2022-3-12T23:02:47+06:015",South Korea,2050,143.45177344892002
628,MTC,"GCAM_SSP2,date=2022-3-12T23:02:47+06:015",South Korea,2055,133.51836781507004
629,MTC,"GCAM_SSP2,date=2022-3-12T23:02:47+06:015",South Korea,2060,125.57545564342503
630,MTC,"GCAM_SSP2,date=2022-3-12T23:02:47+06:015",South Korea,2065,118.74740235496009
631,MTC,"GCAM_SSP2,date=2022-3-12T23:02:47+06:015",South Korea,2070,114.03738248919298
632,MTC,"GCAM_SSP2,date=2022-3-12T23:02:47+06:015",South Korea,2075,108.39939983145007
633,MTC,"GCAM_SSP2,date=2022-3-12T23:02:47+06:015",South Korea,2080,101.00543215122886
634,MTC,"GCAM_SSP2,date=2022-3-12T23:02:47+06:015",South Korea,2085,96.0789460327312
635,MTC,"GCAM_SSP2,date=2022-3-12T23:02:47+06:015",South Korea,2090,91.2212677411532
636,MTC,"GCAM_SSP2,date=2022-3-12T23:02:47+06:015",South Korea,2095,86.74891952133265
637,MTC,"GCAM_SSP2,date=2022-3-12T23:02:47+06:015",South Korea,2100,82.5027332806512
638,MTC,"GCAM_SSP2,date=2022-3-12T23:02:47+06:015",Southeast Asia,1975,36.019167667000005
639,MTC,"GCAM_SSP2,date=2022-3-12T23:02:47+06:015",Southeast Asia,1990,119.77503881151998
640,MTC,"GCAM_SSP2,date=2022-3-12T23:02:47+06:015",Southeast Asia,2005,231.68605613198
641,MTC,"GCAM_SSP2,date=2022-3-12T23:02:47+06:015",Southeast Asia,2010,280.46508195
642,MTC,"GCAM_SSP2,date=2022-3-12T23:02:47+06:015",Southeast Asia,2015,324.3450635530101
643,MTC,"GCAM_SSP2,date=2022-3-12T23:02:47+06:015",Southeast Asia,2020,383.0324776642678
644,MTC,"GCAM_SSP2,date=2022-3-12T23:02:47+06:015",Southeast Asia,2025,432.82677706818293
645,MTC,"GCAM_SSP2,date=2022-3-12T23:02:47+06:015",Southeast Asia,2030,477.88242112714545
646,MTC,"GCAM_SSP2,date=2022-3-12T23:02:47+06:015",Southeast Asia,2035,516.5550821481586
647,MTC,"GCAM_SSP2,date=2022-3-12T23:02:47+06:015",Southeast Asia,2040,553.5188811459388
648,MTC,"GCAM_SSP2,date=2022-3-12T23:02:47+06:015",Southeast Asia,2045,589.7879473898929
649,MTC,"GCAM_SSP2,date=2022-3-12T23:02:47+06:015",Southeast Asia,2050,625.9817132005257
650,MTC,"GCAM_SSP2,date=2022-3-12T23:02:47+06:015",Southeast Asia,2055,668.4286586913282
651,MTC,"GCAM_SSP2,date=2022-3-12T23:02:47+06:015",Southeast Asia,2060,713.6320147531553
652,MTC,"GCAM_SSP2,date=2022-3-12T23:02:47+06:015",Southeast Asia,2065,756.3724229822385
653,MTC,"GCAM_SSP2,date=2022-3-12T23:02:47+06:015",Southeast Asia,2070,798.867297437486
654,MTC,"GCAM_SSP2,date=2022-3-12T23:02:47+06:015",Southeast Asia,2075,834.4991963479938
655,MTC,"GCAM_SSP2,date=2022-3-12T23:02:47+06:015",Southeast Asia,2080,850.8994447204458
656,MTC,"GCAM_SSP2,date=2022-3-12T23:02:47+06:015",Southeast Asia,2085,867.5236219426926
657,MTC,"GCAM_SSP2,date=2022-3-12T23:02:47+06:015",Southeast Asia,2090,880.8887594558237
658,MTC,"GCAM_SSP2,date=2022-3-12T23:02:47+06:015",Southeast Asia,2095,891.7122880428982
659,MTC,"GCAM_SSP2,date=2022-3-12T23:02:47+06:015",Southeast Asia,2100,901.263003096656
660,MTC,"GCAM_SSP2,date=2022-3-12T23:02:47+06:015",Taiwan,1975,7.076291741000001
661,MTC,"GCAM_SSP2,date=2022-3-12T23:02:47+06:015",Taiwan,1990,35.94140967199998
662,MTC,"GCAM_SSP2,date=2022-3-12T23:02:47+06:015",Taiwan,2005,79.14950677900003
663,MTC,"GCAM_SSP2,date=2022-3-12T23:02:47+06:015",Taiwan,2010,79.344858342
664,MTC,"GCAM_SSP2,date=2022-3-12T23:02:47+06:015",Taiwan,2015,78.214655605
665,MTC,"GCAM_SSP2,date=2022-3-12T23:02:47+06:015",Taiwan,2020,83.97443992399995
666,MTC,"GCAM_SSP2,date=2022-3-12T23:02:47+06:015",Taiwan,2025,85.03658996409999
667,MTC,"GCAM_SSP2,date=2022-3-12T23:02:47+06:015",Taiwan,2030,85.08605075480001
668,MTC,"GCAM_SSP2,date=2022-3-12T23:02:47+06:015",Taiwan,2035,83.73305374219993
669,MTC,"GCAM_SSP2,date=2022-3-12T23:02:47+06:015",Taiwan,2040,81.73616858900006
670,MTC,"GCAM_SSP2,date=2022-3-12T23:02:47+06:015",Taiwan,2045,78.97392598333995
671,MTC,"GCAM_SSP2,date=2022-3-12T23:02:47+06:015",Taiwan,2050,76.12290770959999
672,MTC,"GCAM_SSP2,date=2022-3-12T23:02:47+06:015",Taiwan,2055,73.82064616854197
673,MTC,"GCAM_SSP2,date=2022-3-12T23:02:47+06:015",Taiwan,2060,72.38466621032006
674,MTC,"GCAM_SSP2,date=2022-3-12T23:02:47+06:015",Taiwan,2065,72.028764173128
675,MTC,"GCAM_SSP2,date=2022-3-12T23:02:47+06:015",Taiwan,2070,72.4751964824275
676,MTC,"GCAM_SSP2,date=2022-3-12T23:02:47+06:015",Taiwan,2075,72.31837679670507
677,MTC,"GCAM_SSP2,date=2022-3-12T23:02:47+06:015",Taiwan,2080,68.05016806973394
678,MTC,"GCAM_SSP2,date=2022-3-12T23:02:47+06:015",Taiwan,2085,66.49348429828365
679,MTC,"GCAM_SSP2,date=2022-3-12T23:02:47+06:015",Taiwan,2090,65.20689366117753
680,MTC,"GCAM_SSP2,date=2022-3-12T23:02:47+06:015",Taiwan,2095,63.73998733931451
681,MTC,"GCAM_SSP2,date=2022-3-12T23:02:47+06:015",Taiwan,2100,62.09801529462374
682,MTC,"GCAM_SSP2,date=2022-3-12T23:02:47+06:015",USA,1975,502.8842925000001
683,MTC,"GCAM_SSP2,date=2022-3-12T23:02:47+06:015",USA,1990,1382.2111041
684,MTC,"GCAM_SSP2,date=2022-3-12T23:02:47+06:015",USA,2005,1623.6416450000004
685,MTC,"GCAM_SSP2,date=2022-3-12T23:02:47+06:015",USA,2010,1513.1264935000006
686,MTC,"GCAM_SSP2,date=2022-3-12T23:02:47+06:015",USA,2015,1414.8955447
687,MTC,"GCAM_SSP2,date=2022-3-12T23:02:47+06:015",USA,2020,1458.4874193134506
688,MTC,"GCAM_SSP2,date=2022-3-12T23:02:47+06:015",USA,2025,1465.1184819938105
689,MTC,"GCAM_SSP2,date=2022-3-12T23:02:47+06:015",USA,2030,1455.6981224419133
690,MTC,"GCAM_SSP2,date=2022-3-12T23:02:47+06:015",USA,2035,1445.7724071782745
691,MTC,"GCAM_SSP2,date=2022-3-12T23:02:47+06:015",USA,2040,1431.268018083051
692,MTC,"GCAM_SSP2,date=2022-3-12T23:02:47+06:015",USA,2045,1429.892480944594
693,MTC,"GCAM_SSP2,date=2022-3-12T23:02:47+06:015",USA,2050,1434.4407665330114
694,MTC,"GCAM_SSP2,date=2022-3-12T23:02:47+06:015",USA,2055,1445.7517473403955
695,MTC,"GCAM_SSP2,date=2022-3-12T23:02:47+06:015",USA,2060,1467.1929869556045
696,MTC,"GCAM_SSP2,date=2022-3-12T23:02:47+06:015",USA,2065,1486.0644677675577
697,MTC,"GCAM_SSP2,date=2022-3-12T23:02:47+06:015",USA,2070,1523.3070341101172
698,MTC,"GCAM_SSP2,date=2022-3-12T23:02:47+06:015",USA,2075,1555.0413990943766
699,MTC,"GCAM_SSP2,date=2022-3-12T23:02:47+06:015",USA,2080,1602.4014350875723
700,MTC,"GCAM_SSP2,date=2022-3-12T23:02:47+06:015",USA,2085,1618.8912657290418
701,MTC,"GCAM_SSP2,date=2022-3-12T23:02:47+06:015",USA,2090,1618.1509858096153
702,MTC,"GCAM_SSP2,date=2022-3-12T23:02:47+06:015",USA,2095,1612.5226299414135
703,MTC,"GCAM_SSP2,date=2022-3-12T23:02:47+06:015",USA,2100,1599.562708599064
